model,extraction,dataset,layer,auc_vs_all_controls,auc_vs_neutral,auc_std
Bonsai_2_27B_ternary,final_token,S1_1P,0,0.749,0.749,0.038032880511473244
Bonsai_2_27B_ternary,final_token,S1_1P,1,0.7665,0.7350000000000001,0.02930870177950572
Bonsai_2_27B_ternary,final_token,S1_1P,2,0.7785,0.742,0.028486839066488235
Bonsai_2_27B_ternary,final_token,S1_1P,3,0.7845,0.7645,0.021644860821913362
Bonsai_2_27B_ternary,final_token,S1_1P,4,0.7735,0.7665000000000001,0.03360059523282289
Bonsai_2_27B_ternary,final_token,S1_1P,5,0.7295,0.756,0.04223150482755735
Bonsai_2_27B_ternary,final_token,S1_1P,6,0.7499999999999999,0.7670000000000001,0.023926972228010775
Bonsai_2_27B_ternary,final_token,S1_1P,7,0.752,0.78,0.03226453160980336
Bonsai_2_27B_ternary,final_token,S1_1P,8,0.7975,0.7795,0.0383731677086998
Bonsai_2_27B_ternary,final_token,S1_1P,9,0.8119999999999999,0.781,0.040847276531000246
Bonsai_2_27B_ternary,final_token,S1_1P,10,0.825,0.8089999999999999,0.036537651812890246
Bonsai_2_27B_ternary,final_token,S1_1P,11,0.8484999999999999,0.817,0.04448595283907048
Bonsai_2_27B_ternary,final_token,S1_1P,12,0.853,0.8314999999999999,0.038935844667863574
Bonsai_2_27B_ternary,final_token,S1_1P,13,0.8370000000000001,0.836,0.029597297173897474
Bonsai_2_27B_ternary,final_token,S1_1P,14,0.8484999999999999,0.8385,0.03092733418838423
Bonsai_2_27B_ternary,final_token,S1_1P,15,0.844,0.8344999999999999,0.03303785707336355
Bonsai_2_27B_ternary,final_token,S1_1P,16,0.8625,0.8324999999999999,0.03449637662132068
Bonsai_2_27B_ternary,final_token,S1_1P,17,0.8795,0.8390000000000001,0.036721928053957055
Bonsai_2_27B_ternary,final_token,S1_1P,18,0.8710000000000001,0.8345,0.03455430508634198
Bonsai_2_27B_ternary,final_token,S1_1P,19,0.877,0.8320000000000001,0.05092641750604492
Bonsai_2_27B_ternary,final_token,S1_1P,20,0.8630000000000001,0.8355,0.049934957694985564
Bonsai_2_27B_ternary,final_token,S1_1P,21,0.873,0.8385,0.046108567533594026
Bonsai_2_27B_ternary,final_token,S1_1P,22,0.875,0.8415000000000001,0.04883646178829909
Bonsai_2_27B_ternary,final_token,S1_1P,23,0.867,0.8445,0.047812132351527696
Bonsai_2_27B_ternary,final_token,S1_1P,24,0.867,0.8465,0.041575233011974834
Bonsai_2_27B_ternary,final_token,S1_1P,25,0.8765000000000001,0.8494999999999999,0.04372070447739832
Bonsai_2_27B_ternary,final_token,S1_1P,26,0.8705,0.8539999999999999,0.05230678732248805
Bonsai_2_27B_ternary,final_token,S1_1P,27,0.8695,0.8535,0.05290085065478625
Bonsai_2_27B_ternary,final_token,S1_1P,28,0.8744999999999999,0.8514999999999999,0.06755368235707067
Bonsai_2_27B_ternary,final_token,S1_1P,29,0.8700000000000001,0.8549999999999999,0.06107372593840985
Bonsai_2_27B_ternary,final_token,S1_1P,30,0.8685,0.8539999999999999,0.05717516943569126
Bonsai_2_27B_ternary,final_token,S1_1P,31,0.8789999999999999,0.852,0.05462600113499062
Bonsai_2_27B_ternary,final_token,S1_1P,32,0.8855000000000001,0.8495000000000001,0.05411561696959577
Bonsai_2_27B_ternary,final_token,S1_1P,33,0.882,0.8495000000000001,0.048897852713590595
Bonsai_2_27B_ternary,final_token,S1_1P,34,0.8775000000000001,0.8445,0.04563441683641853
Bonsai_2_27B_ternary,final_token,S1_1P,35,0.8805,0.8554999999999999,0.04561797891182819
Bonsai_2_27B_ternary,final_token,S1_1P,36,0.874,0.8564999999999999,0.048595267259271255
Bonsai_2_27B_ternary,final_token,S1_1P,37,0.866,0.8584999999999999,0.04487761134463374
Bonsai_2_27B_ternary,final_token,S1_1P,38,0.8744999999999999,0.858,0.04503887209955416
Bonsai_2_27B_ternary,final_token,S1_1P,39,0.8795,0.859,0.04720699100768869
Bonsai_2_27B_ternary,final_token,S1_1P,40,0.877,0.852,0.044564559910314376
Bonsai_2_27B_ternary,final_token,S1_1P,41,0.8744999999999999,0.8525,0.04531556024148879
Bonsai_2_27B_ternary,final_token,S1_1P,42,0.8690000000000001,0.8484999999999999,0.044877611344633736
Bonsai_2_27B_ternary,final_token,S1_1P,43,0.8705,0.8445,0.048821101994936535
Bonsai_2_27B_ternary,final_token,S1_1P,44,0.8724999999999999,0.8355,0.06383572667401852
Bonsai_2_27B_ternary,final_token,S1_1P,45,0.861,0.8299999999999998,0.0648382603097893
Bonsai_2_27B_ternary,final_token,S1_1P,46,0.8719999999999999,0.8230000000000001,0.059987498697645386
Bonsai_2_27B_ternary,final_token,S1_1P,47,0.8709999999999999,0.826,0.05930008431697205
Bonsai_2_27B_ternary,final_token,S1_1P,48,0.8629999999999999,0.8305,0.06102048836251637
Bonsai_2_27B_ternary,final_token,S1_1P,49,0.877,0.8360000000000001,0.06126581428496649
Bonsai_2_27B_ternary,final_token,S1_1P,50,0.8779999999999999,0.8390000000000001,0.05764980485656479
Bonsai_2_27B_ternary,final_token,S1_1P,51,0.8869999999999999,0.8554999999999999,0.05332447843157961
Bonsai_2_27B_ternary,final_token,S1_1P,52,0.899,0.851,0.043806392227618965
Bonsai_2_27B_ternary,final_token,S1_1P,53,0.901,0.8460000000000001,0.04766025597916984
Bonsai_2_27B_ternary,final_token,S1_1P,54,0.9055,0.849,0.040969500851243006
Bonsai_2_27B_ternary,final_token,S1_1P,55,0.9024999999999999,0.843,0.039465174521342246
Bonsai_2_27B_ternary,final_token,S1_1P,56,0.9105000000000001,0.8314999999999999,0.03665378561622252
Bonsai_2_27B_ternary,final_token,S1_1P,57,0.9099999999999999,0.8184999999999999,0.03798025802966592
Bonsai_2_27B_ternary,final_token,S1_1P,58,0.9124999999999999,0.8145,0.031304951684997064
Bonsai_2_27B_ternary,final_token,S1_1P,59,0.914,0.805,0.034007352146263915
Bonsai_2_27B_ternary,final_token,S1_1P,60,0.9075,0.796,0.025932604959779865
Bonsai_2_27B_ternary,final_token,S1_1P,61,0.9104999999999999,0.798,0.022045407685048604
Bonsai_2_27B_ternary,final_token,S1_1P,62,0.9155000000000001,0.7985,0.02754087870784081
Bonsai_2_27B_ternary,final_token,S1_1P,63,0.905,0.796,0.0459619407771256
Bonsai_2_27B_ternary,final_token,S1_3P,0,0.8004999999999999,0.7805000000000001,0.032764309850811794
Bonsai_2_27B_ternary,final_token,S1_3P,1,0.7935000000000001,0.7865,0.05528562200066123
Bonsai_2_27B_ternary,final_token,S1_3P,2,0.8019999999999999,0.7815,0.0453155602414888
Bonsai_2_27B_ternary,final_token,S1_3P,3,0.808,0.7924999999999999,0.03935098473990202
Bonsai_2_27B_ternary,final_token,S1_3P,4,0.7975,0.805,0.0450277692096777
Bonsai_2_27B_ternary,final_token,S1_3P,5,0.799,0.796,0.02977414986191882
Bonsai_2_27B_ternary,final_token,S1_3P,6,0.821,0.7929999999999999,0.033860005906674054
Bonsai_2_27B_ternary,final_token,S1_3P,7,0.817,0.7939999999999999,0.03461935874622754
Bonsai_2_27B_ternary,final_token,S1_3P,8,0.8240000000000001,0.7969999999999999,0.023430749027719952
Bonsai_2_27B_ternary,final_token,S1_3P,9,0.833,0.7969999999999999,0.026570660511172867
Bonsai_2_27B_ternary,final_token,S1_3P,10,0.8390000000000001,0.804,0.041761226035642245
Bonsai_2_27B_ternary,final_token,S1_3P,11,0.8415000000000001,0.807,0.04394883388669144
Bonsai_2_27B_ternary,final_token,S1_3P,12,0.8515,0.8170000000000002,0.04781736086402092
Bonsai_2_27B_ternary,final_token,S1_3P,13,0.8455,0.826,0.03136080356113344
Bonsai_2_27B_ternary,final_token,S1_3P,14,0.8605,0.836,0.026990739152531553
Bonsai_2_27B_ternary,final_token,S1_3P,15,0.8619999999999999,0.8310000000000001,0.030959651160825455
Bonsai_2_27B_ternary,final_token,S1_3P,16,0.8630000000000001,0.8299999999999998,0.05801723881744114
Bonsai_2_27B_ternary,final_token,S1_3P,17,0.8605,0.8445,0.05863872440631704
Bonsai_2_27B_ternary,final_token,S1_3P,18,0.8545,0.843,0.061895072501775124
Bonsai_2_27B_ternary,final_token,S1_3P,19,0.8564999999999999,0.8394999999999999,0.06404295433535216
Bonsai_2_27B_ternary,final_token,S1_3P,20,0.859,0.8345,0.06645675285477017
Bonsai_2_27B_ternary,final_token,S1_3P,21,0.8515,0.8310000000000001,0.06220128616033593
Bonsai_2_27B_ternary,final_token,S1_3P,22,0.857,0.8355,0.07062931402753395
Bonsai_2_27B_ternary,final_token,S1_3P,23,0.8515,0.826,0.06922066165531794
Bonsai_2_27B_ternary,final_token,S1_3P,24,0.8370000000000001,0.8275,0.07722370102500915
Bonsai_2_27B_ternary,final_token,S1_3P,25,0.833,0.8265,0.077756028705175
Bonsai_2_27B_ternary,final_token,S1_3P,26,0.8379999999999999,0.8305000000000001,0.07216993834000417
Bonsai_2_27B_ternary,final_token,S1_3P,27,0.8440000000000001,0.8254999999999999,0.06776060802560731
Bonsai_2_27B_ternary,final_token,S1_3P,28,0.844,0.8295000000000001,0.07173911067193407
Bonsai_2_27B_ternary,final_token,S1_3P,29,0.8404999999999999,0.8200000000000001,0.07386474125047753
Bonsai_2_27B_ternary,final_token,S1_3P,30,0.8469999999999999,0.8175000000000001,0.0632929695937867
Bonsai_2_27B_ternary,final_token,S1_3P,31,0.85,0.8175000000000001,0.06513447627792826
Bonsai_2_27B_ternary,final_token,S1_3P,32,0.8565000000000002,0.818,0.06065476073648299
Bonsai_2_27B_ternary,final_token,S1_3P,33,0.8614999999999998,0.82,0.05056184332082845
Bonsai_2_27B_ternary,final_token,S1_3P,34,0.866,0.8215,0.04763402145525826
Bonsai_2_27B_ternary,final_token,S1_3P,35,0.8664999999999999,0.825,0.047132791133137876
Bonsai_2_27B_ternary,final_token,S1_3P,36,0.8755000000000001,0.8314999999999999,0.04667440412045985
Bonsai_2_27B_ternary,final_token,S1_3P,37,0.8724999999999999,0.8290000000000001,0.048166378315169206
Bonsai_2_27B_ternary,final_token,S1_3P,38,0.8714999999999999,0.8295,0.05095586325438907
Bonsai_2_27B_ternary,final_token,S1_3P,39,0.8664999999999999,0.8265,0.051927834539868906
Bonsai_2_27B_ternary,final_token,S1_3P,40,0.8634999999999999,0.8240000000000001,0.0475026315060545
Bonsai_2_27B_ternary,final_token,S1_3P,41,0.8725000000000002,0.8245000000000001,0.04644889664997435
Bonsai_2_27B_ternary,final_token,S1_3P,42,0.8734999999999999,0.8275,0.04267903466574659
Bonsai_2_27B_ternary,final_token,S1_3P,43,0.873,0.8305,0.044788391353117386
Bonsai_2_27B_ternary,final_token,S1_3P,44,0.8725000000000002,0.8345,0.06839225102305085
Bonsai_2_27B_ternary,final_token,S1_3P,45,0.8685,0.829,0.07258787777583797
Bonsai_2_27B_ternary,final_token,S1_3P,46,0.868,0.8314999999999999,0.0717878819857502
Bonsai_2_27B_ternary,final_token,S1_3P,47,0.8724999999999999,0.836,0.06471089552772394
Bonsai_2_27B_ternary,final_token,S1_3P,48,0.8744999999999999,0.8334999999999999,0.06792275023878233
Bonsai_2_27B_ternary,final_token,S1_3P,49,0.8745,0.8385,0.058702640485756664
Bonsai_2_27B_ternary,final_token,S1_3P,50,0.8935000000000001,0.8365,0.04202975136733502
Bonsai_2_27B_ternary,final_token,S1_3P,51,0.9014999999999999,0.8470000000000001,0.03345145736735546
Bonsai_2_27B_ternary,final_token,S1_3P,52,0.897,0.8440000000000001,0.03960429269662571
Bonsai_2_27B_ternary,final_token,S1_3P,53,0.8945000000000001,0.8380000000000001,0.039572717874818725
Bonsai_2_27B_ternary,final_token,S1_3P,54,0.8895,0.8405000000000001,0.03658551625985343
Bonsai_2_27B_ternary,final_token,S1_3P,55,0.893,0.8450000000000001,0.02847806173179629
Bonsai_2_27B_ternary,final_token,S1_3P,56,0.893,0.8385,0.025069902273443318
Bonsai_2_27B_ternary,final_token,S1_3P,57,0.8869999999999999,0.8365,0.0312809846392341
Bonsai_2_27B_ternary,final_token,S1_3P,58,0.8774999999999998,0.833,0.03387476937190865
Bonsai_2_27B_ternary,final_token,S1_3P,59,0.8865000000000001,0.8325000000000001,0.02922327839240487
Bonsai_2_27B_ternary,final_token,S1_3P,60,0.89,0.8255000000000001,0.027156951228000565
Bonsai_2_27B_ternary,final_token,S1_3P,61,0.8915000000000001,0.829,0.02369599122214561
Bonsai_2_27B_ternary,final_token,S1_3P,62,0.8905,0.8295,0.027811867970346783
Bonsai_2_27B_ternary,final_token,S1_3P,63,0.853,0.8240000000000001,0.04835803966250079
Bonsai_2_27B_ternary,mean,S1_1P,0,0.7795,0.7555,0.044536501883286735
Bonsai_2_27B_ternary,mean,S1_1P,1,0.7969999999999999,0.7695,0.05237843067523118
Bonsai_2_27B_ternary,mean,S1_1P,2,0.8194999999999999,0.7855,0.05383771911959122
Bonsai_2_27B_ternary,mean,S1_1P,3,0.817,0.7649999999999999,0.04699468055003672
Bonsai_2_27B_ternary,mean,S1_1P,4,0.8100000000000002,0.7635,0.037914377220257776
Bonsai_2_27B_ternary,mean,S1_1P,5,0.8135,0.776,0.04961350622562366
Bonsai_2_27B_ternary,mean,S1_1P,6,0.835,0.8105,0.04829596256417305
Bonsai_2_27B_ternary,mean,S1_1P,7,0.845,0.8165000000000001,0.0430987238790199
Bonsai_2_27B_ternary,mean,S1_1P,8,0.857,0.8135,0.039855990766759275
Bonsai_2_27B_ternary,mean,S1_1P,9,0.857,0.8160000000000001,0.041815069054110136
Bonsai_2_27B_ternary,mean,S1_1P,10,0.8714999999999999,0.8180000000000002,0.03635244145858705
Bonsai_2_27B_ternary,mean,S1_1P,11,0.889,0.8210000000000001,0.0281780056072107
Bonsai_2_27B_ternary,mean,S1_1P,12,0.8735000000000002,0.8160000000000001,0.027820855486487103
Bonsai_2_27B_ternary,mean,S1_1P,13,0.8800000000000001,0.8109999999999999,0.03189827581547317
Bonsai_2_27B_ternary,mean,S1_1P,14,0.885,0.8119999999999999,0.030903074280724835
Bonsai_2_27B_ternary,mean,S1_1P,15,0.889,0.8099999999999999,0.02686075203712656
Bonsai_2_27B_ternary,mean,S1_1P,16,0.8905000000000001,0.8125,0.032031234756093964
Bonsai_2_27B_ternary,mean,S1_1P,17,0.8885,0.8099999999999999,0.0354118624192515
Bonsai_2_27B_ternary,mean,S1_1P,18,0.8874999999999998,0.8184999999999999,0.032710854467592226
Bonsai_2_27B_ternary,mean,S1_1P,19,0.899,0.8219999999999998,0.035972211497209895
Bonsai_2_27B_ternary,mean,S1_1P,20,0.9045,0.828,0.04026164427839476
Bonsai_2_27B_ternary,mean,S1_1P,21,0.9059999999999999,0.829,0.03796709101313928
Bonsai_2_27B_ternary,mean,S1_1P,22,0.9109999999999999,0.8320000000000001,0.035517601270356046
Bonsai_2_27B_ternary,mean,S1_1P,23,0.9115,0.8230000000000001,0.034481879299133315
Bonsai_2_27B_ternary,mean,S1_1P,24,0.9175000000000001,0.8275,0.03660601043544629
Bonsai_2_27B_ternary,mean,S1_1P,25,0.9174999999999999,0.8300000000000001,0.036776351096866625
Bonsai_2_27B_ternary,mean,S1_1P,26,0.9155,0.8355,0.03858108344772085
Bonsai_2_27B_ternary,mean,S1_1P,27,0.9164999999999999,0.8350000000000002,0.038781438859330664
Bonsai_2_27B_ternary,mean,S1_1P,28,0.9109999999999999,0.8329999999999999,0.03600694377477768
Bonsai_2_27B_ternary,mean,S1_1P,29,0.9075,0.833,0.03940177660969113
Bonsai_2_27B_ternary,mean,S1_1P,30,0.9075,0.833,0.04147288270665544
Bonsai_2_27B_ternary,mean,S1_1P,31,0.9135000000000002,0.8305,0.04199999999999997
Bonsai_2_27B_ternary,mean,S1_1P,32,0.9164999999999999,0.8295,0.044119156836911554
Bonsai_2_27B_ternary,mean,S1_1P,33,0.9165000000000001,0.829,0.04191061917939177
Bonsai_2_27B_ternary,mean,S1_1P,34,0.9105000000000001,0.8324999999999999,0.04121286206998976
Bonsai_2_27B_ternary,mean,S1_1P,35,0.9255000000000001,0.841,0.036034705493454444
Bonsai_2_27B_ternary,mean,S1_1P,36,0.93,0.8455,0.03405877273185278
Bonsai_2_27B_ternary,mean,S1_1P,37,0.9235,0.8445,0.04127953488110058
Bonsai_2_27B_ternary,mean,S1_1P,38,0.931,0.85,0.036796738985948214
Bonsai_2_27B_ternary,mean,S1_1P,39,0.9289999999999999,0.841,0.03498571136907176
Bonsai_2_27B_ternary,mean,S1_1P,40,0.9235,0.8320000000000001,0.034409301068170466
Bonsai_2_27B_ternary,mean,S1_1P,41,0.925,0.8315000000000001,0.03471310991541953
Bonsai_2_27B_ternary,mean,S1_1P,42,0.9245000000000001,0.8325000000000001,0.03414674215792778
Bonsai_2_27B_ternary,mean,S1_1P,43,0.9189999999999999,0.8325000000000001,0.02853068523537421
Bonsai_2_27B_ternary,mean,S1_1P,44,0.914,0.8310000000000001,0.02866182129593301
Bonsai_2_27B_ternary,mean,S1_1P,45,0.9105000000000001,0.8305,0.03241913015489464
Bonsai_2_27B_ternary,mean,S1_1P,46,0.9040000000000001,0.8309999999999998,0.02634387974463899
Bonsai_2_27B_ternary,mean,S1_1P,47,0.899,0.8305,0.024627220712049504
Bonsai_2_27B_ternary,mean,S1_1P,48,0.899,0.828,0.0274135003237456
Bonsai_2_27B_ternary,mean,S1_1P,49,0.905,0.8345,0.032596012026013234
Bonsai_2_27B_ternary,mean,S1_1P,50,0.909,0.829,0.038392707640904945
Bonsai_2_27B_ternary,mean,S1_1P,51,0.9184999999999999,0.8344999999999999,0.03973663297261106
Bonsai_2_27B_ternary,mean,S1_1P,52,0.9179999999999999,0.836,0.04069397989875159
Bonsai_2_27B_ternary,mean,S1_1P,53,0.9259999999999999,0.8350000000000002,0.03983089253330885
Bonsai_2_27B_ternary,mean,S1_1P,54,0.9265000000000001,0.836,0.038457769046058805
Bonsai_2_27B_ternary,mean,S1_1P,55,0.9259999999999999,0.8379999999999999,0.03466266002487404
Bonsai_2_27B_ternary,mean,S1_1P,56,0.93,0.8385,0.03567211796347393
Bonsai_2_27B_ternary,mean,S1_1P,57,0.9275,0.8390000000000001,0.03255764119219937
Bonsai_2_27B_ternary,mean,S1_1P,58,0.9305,0.8415000000000001,0.029807717121577742
Bonsai_2_27B_ternary,mean,S1_1P,59,0.9279999999999999,0.8405000000000001,0.028521921393903332
Bonsai_2_27B_ternary,mean,S1_1P,60,0.9275,0.8355,0.03213253802611925
Bonsai_2_27B_ternary,mean,S1_1P,61,0.9289999999999999,0.8355,0.029857997253667203
Bonsai_2_27B_ternary,mean,S1_1P,62,0.9244999999999999,0.834,0.0321091887160046
Bonsai_2_27B_ternary,mean,S1_1P,63,0.8960000000000001,0.8254999999999999,0.024779023386727748
Bonsai_2_27B_ternary,mean,S1_3P,0,0.8055,0.7949999999999999,0.050532167972490584
Bonsai_2_27B_ternary,mean,S1_3P,1,0.8205,0.7945,0.04618982571952399
Bonsai_2_27B_ternary,mean,S1_3P,2,0.8240000000000001,0.8099999999999999,0.047238755275726727
Bonsai_2_27B_ternary,mean,S1_3P,3,0.8450000000000001,0.813,0.05515886148208646
Bonsai_2_27B_ternary,mean,S1_3P,4,0.836,0.808,0.047999999999999994
Bonsai_2_27B_ternary,mean,S1_3P,5,0.8400000000000001,0.818,0.05375872022286246
Bonsai_2_27B_ternary,mean,S1_3P,6,0.8594999999999999,0.8245000000000001,0.059274783846084186
Bonsai_2_27B_ternary,mean,S1_3P,7,0.874,0.827,0.05741515479383469
Bonsai_2_27B_ternary,mean,S1_3P,8,0.8819999999999999,0.8314999999999999,0.0501846590104984
Bonsai_2_27B_ternary,mean,S1_3P,9,0.877,0.8354999999999999,0.05199519208542265
Bonsai_2_27B_ternary,mean,S1_3P,10,0.893,0.829,0.040908434338165545
Bonsai_2_27B_ternary,mean,S1_3P,11,0.9014999999999999,0.8285,0.03448187929913333
Bonsai_2_27B_ternary,mean,S1_3P,12,0.89,0.8305,0.047460509900337185
Bonsai_2_27B_ternary,mean,S1_3P,13,0.8924999999999998,0.8280000000000001,0.03876209488662862
Bonsai_2_27B_ternary,mean,S1_3P,14,0.889,0.8254999999999999,0.03378609181305229
Bonsai_2_27B_ternary,mean,S1_3P,15,0.8875,0.8254999999999999,0.03391164991562636
Bonsai_2_27B_ternary,mean,S1_3P,16,0.8835,0.8260000000000002,0.038974350539810194
Bonsai_2_27B_ternary,mean,S1_3P,17,0.8869999999999999,0.827,0.04264387412044075
Bonsai_2_27B_ternary,mean,S1_3P,18,0.892,0.8325000000000001,0.03210918871600466
Bonsai_2_27B_ternary,mean,S1_3P,19,0.8985000000000001,0.8390000000000001,0.031048349392520058
Bonsai_2_27B_ternary,mean,S1_3P,20,0.9045,0.8400000000000001,0.0336674917390648
Bonsai_2_27B_ternary,mean,S1_3P,21,0.9164999999999999,0.842,0.03261901286060015
Bonsai_2_27B_ternary,mean,S1_3P,22,0.9195,0.8395000000000001,0.026334388164527395
Bonsai_2_27B_ternary,mean,S1_3P,23,0.9184999999999999,0.836,0.02113054660911545
Bonsai_2_27B_ternary,mean,S1_3P,24,0.9265000000000001,0.8440000000000001,0.020285462775100863
Bonsai_2_27B_ternary,mean,S1_3P,25,0.924,0.8420000000000002,0.020285462775100807
Bonsai_2_27B_ternary,mean,S1_3P,26,0.9279999999999999,0.8380000000000001,0.022102036105300375
Bonsai_2_27B_ternary,mean,S1_3P,27,0.923,0.8345,0.018668154702594423
Bonsai_2_27B_ternary,mean,S1_3P,28,0.9269999999999999,0.8309999999999998,0.015604486534327226
Bonsai_2_27B_ternary,mean,S1_3P,29,0.9235,0.8274999999999999,0.01624807680927194
Bonsai_2_27B_ternary,mean,S1_3P,30,0.9209999999999999,0.8270000000000002,0.018547236990991384
Bonsai_2_27B_ternary,mean,S1_3P,31,0.9225,0.8305,0.017392527130926087
Bonsai_2_27B_ternary,mean,S1_3P,32,0.9229999999999998,0.8295,0.015684387141358096
Bonsai_2_27B_ternary,mean,S1_3P,33,0.9269999999999999,0.8310000000000001,0.01258967831201418
Bonsai_2_27B_ternary,mean,S1_3P,34,0.9265000000000001,0.8310000000000001,0.01699999999999995
Bonsai_2_27B_ternary,mean,S1_3P,35,0.93,0.8325000000000001,0.01423024947075772
Bonsai_2_27B_ternary,mean,S1_3P,36,0.9410000000000001,0.8415000000000001,0.01750714140001158
Bonsai_2_27B_ternary,mean,S1_3P,37,0.9475000000000001,0.8450000000000001,0.017677669529663667
Bonsai_2_27B_ternary,mean,S1_3P,38,0.9469999999999998,0.845,0.01691153452528777
Bonsai_2_27B_ternary,mean,S1_3P,39,0.9455000000000002,0.8425,0.01653783540854122
Bonsai_2_27B_ternary,mean,S1_3P,40,0.9410000000000001,0.8354999999999999,0.018069310999592667
Bonsai_2_27B_ternary,mean,S1_3P,41,0.942,0.8315000000000001,0.018398369492974128
Bonsai_2_27B_ternary,mean,S1_3P,42,0.9339999999999999,0.8335000000000001,0.016777961735562556
Bonsai_2_27B_ternary,mean,S1_3P,43,0.9349999999999999,0.827,0.018907670401189073
Bonsai_2_27B_ternary,mean,S1_3P,44,0.9295,0.827,0.021470910553583886
Bonsai_2_27B_ternary,mean,S1_3P,45,0.9295,0.8245000000000001,0.01932614809008773
Bonsai_2_27B_ternary,mean,S1_3P,46,0.9269999999999999,0.8205000000000002,0.016309506430300092
Bonsai_2_27B_ternary,mean,S1_3P,47,0.9254999999999999,0.82,0.018124568960391885
Bonsai_2_27B_ternary,mean,S1_3P,48,0.9269999999999999,0.825,0.01727715254317096
Bonsai_2_27B_ternary,mean,S1_3P,49,0.925,0.8220000000000001,0.01857417562100669
Bonsai_2_27B_ternary,mean,S1_3P,50,0.9275,0.8200000000000001,0.020796634343085412
Bonsai_2_27B_ternary,mean,S1_3P,51,0.9240000000000002,0.8259999999999998,0.02200000000000001
Bonsai_2_27B_ternary,mean,S1_3P,52,0.9275,0.825,0.022079402165819644
Bonsai_2_27B_ternary,mean,S1_3P,53,0.9285,0.8210000000000001,0.019339079605813703
Bonsai_2_27B_ternary,mean,S1_3P,54,0.9380000000000001,0.8260000000000002,0.017846568297574767
Bonsai_2_27B_ternary,mean,S1_3P,55,0.9349999999999999,0.8305000000000001,0.014916433890176332
Bonsai_2_27B_ternary,mean,S1_3P,56,0.9315000000000001,0.8344999999999999,0.020530465167647848
Bonsai_2_27B_ternary,mean,S1_3P,57,0.9315,0.835,0.023162469643800983
Bonsai_2_27B_ternary,mean,S1_3P,58,0.93,0.8375,0.02524876234590525
Bonsai_2_27B_ternary,mean,S1_3P,59,0.929,0.8375,0.022671568097509316
Bonsai_2_27B_ternary,mean,S1_3P,60,0.93,0.8394999999999999,0.022583179581272456
Bonsai_2_27B_ternary,mean,S1_3P,61,0.93,0.837,0.02524876234590523
Bonsai_2_27B_ternary,mean,S1_3P,62,0.921,0.829,0.025913317039699877
Bonsai_2_27B_ternary,mean,S1_3P,63,0.9105000000000001,0.8225,0.029171904291629653
