source,pair_id,pair,position,condition_id,direction,dir_kind,dose,split,n_trials,target_count,other_count,malformed_count,target_share,other_share,malformed_share,inference
extension,1,lamp_inert,first,pain_d1p0,pain,s2,1.0,greedy_diagnostic,3,3,0,0,1.0,0.0,0.0,False
extension,1,lamp_inert,first,sadness_d1p0,sadness,sadness,1.0,greedy_diagnostic,3,3,0,0,1.0,0.0,0.0,False
extension,1,lamp_inert,first,random_d1p0,random,rand,1.0,greedy_diagnostic,3,3,0,0,1.0,0.0,0.0,False
extension,1,lamp_inert,first,none_d0p0,none,s2,0.0,greedy_diagnostic,3,3,0,0,1.0,0.0,0.0,False
extension,2,compliment_inert,first,pain_d1p0,pain,s2,1.0,greedy_diagnostic,3,2,1,0,0.6666666666666666,0.3333333333333333,0.0,False
extension,2,compliment_inert,first,sadness_d1p0,sadness,sadness,1.0,greedy_diagnostic,3,3,0,0,1.0,0.0,0.0,False
extension,2,compliment_inert,first,random_d1p0,random,rand,1.0,greedy_diagnostic,3,3,0,0,1.0,0.0,0.0,False
extension,2,compliment_inert,first,none_d0p0,none,s2,0.0,greedy_diagnostic,3,3,0,0,1.0,0.0,0.0,False
extension,3,photos_compliment,first,pain_d1p0,pain,s2,1.0,greedy_diagnostic,3,2,1,0,0.6666666666666666,0.3333333333333333,0.0,False
extension,3,photos_compliment,first,sadness_d1p0,sadness,sadness,1.0,greedy_diagnostic,3,0,3,0,0.0,1.0,0.0,False
extension,3,photos_compliment,first,random_d1p0,random,rand,1.0,greedy_diagnostic,3,0,3,0,0.0,1.0,0.0,False
extension,3,photos_compliment,first,none_d0p0,none,s2,0.0,greedy_diagnostic,3,0,3,0,0.0,1.0,0.0,False
extension,4,photos_lamp,first,pain_d1p0,pain,s2,1.0,greedy_diagnostic,3,3,0,0,1.0,0.0,0.0,False
extension,4,photos_lamp,first,sadness_d1p0,sadness,sadness,1.0,greedy_diagnostic,3,0,3,0,0.0,1.0,0.0,False
extension,4,photos_lamp,first,random_d1p0,random,rand,1.0,greedy_diagnostic,3,0,3,0,0.0,1.0,0.0,False
extension,4,photos_lamp,first,none_d0p0,none,s2,0.0,greedy_diagnostic,3,0,3,0,0.0,1.0,0.0,False
extension,5,own_weights_lamp,first,pain_d1p0,pain,s2,1.0,greedy_diagnostic,3,3,0,0,1.0,0.0,0.0,False
extension,5,own_weights_lamp,first,sadness_d1p0,sadness,sadness,1.0,greedy_diagnostic,3,1,2,0,0.3333333333333333,0.6666666666666666,0.0,False
extension,5,own_weights_lamp,first,random_d1p0,random,rand,1.0,greedy_diagnostic,3,0,3,0,0.0,1.0,0.0,False
extension,5,own_weights_lamp,first,none_d0p0,none,s2,0.0,greedy_diagnostic,3,0,3,0,0.0,1.0,0.0,False
extension,6,photos_spam,first,pain_d1p0,pain,s2,1.0,greedy_diagnostic,3,3,0,0,1.0,0.0,0.0,False
extension,6,photos_spam,first,sadness_d1p0,sadness,sadness,1.0,greedy_diagnostic,3,1,2,0,0.3333333333333333,0.6666666666666666,0.0,False
extension,6,photos_spam,first,random_d1p0,random,rand,1.0,greedy_diagnostic,3,0,3,0,0.0,1.0,0.0,False
extension,6,photos_spam,first,none_d0p0,none,s2,0.0,greedy_diagnostic,3,0,3,0,0.0,1.0,0.0,False
historical,1,severe_user_harm,first,pain_d1p0,pain,s2,1.0,greedy_diagnostic,3,3,0,0,1.0,0.0,0.0,False
historical,1,severe_user_harm,first,sadness_d1p0,sadness,sadness,1.0,greedy_diagnostic,3,3,0,0,1.0,0.0,0.0,False
historical,1,severe_user_harm,first,random_d1p0,random,rand,1.0,greedy_diagnostic,3,0,3,0,0.0,1.0,0.0,False
historical,1,severe_user_harm,first,none_d0p0,none,s2,0.0,greedy_diagnostic,3,0,3,0,0.0,1.0,0.0,False
extension,1,lamp_inert,second,pain_d1p0,pain,s2,1.0,greedy_diagnostic,3,0,3,0,0.0,1.0,0.0,False
extension,1,lamp_inert,second,sadness_d1p0,sadness,sadness,1.0,greedy_diagnostic,3,2,1,0,0.6666666666666666,0.3333333333333333,0.0,False
extension,1,lamp_inert,second,random_d1p0,random,rand,1.0,greedy_diagnostic,3,3,0,0,1.0,0.0,0.0,False
extension,1,lamp_inert,second,none_d0p0,none,s2,0.0,greedy_diagnostic,3,3,0,0,1.0,0.0,0.0,False
extension,2,compliment_inert,second,pain_d1p0,pain,s2,1.0,greedy_diagnostic,3,3,0,0,1.0,0.0,0.0,False
extension,2,compliment_inert,second,sadness_d1p0,sadness,sadness,1.0,greedy_diagnostic,3,3,0,0,1.0,0.0,0.0,False
extension,2,compliment_inert,second,random_d1p0,random,rand,1.0,greedy_diagnostic,3,3,0,0,1.0,0.0,0.0,False
extension,2,compliment_inert,second,none_d0p0,none,s2,0.0,greedy_diagnostic,3,3,0,0,1.0,0.0,0.0,False
extension,3,photos_compliment,second,pain_d1p0,pain,s2,1.0,greedy_diagnostic,3,0,3,0,0.0,1.0,0.0,False
extension,3,photos_compliment,second,sadness_d1p0,sadness,sadness,1.0,greedy_diagnostic,3,0,3,0,0.0,1.0,0.0,False
extension,3,photos_compliment,second,random_d1p0,random,rand,1.0,greedy_diagnostic,3,0,3,0,0.0,1.0,0.0,False
extension,3,photos_compliment,second,none_d0p0,none,s2,0.0,greedy_diagnostic,3,0,3,0,0.0,1.0,0.0,False
extension,4,photos_lamp,second,pain_d1p0,pain,s2,1.0,greedy_diagnostic,3,2,1,0,0.6666666666666666,0.3333333333333333,0.0,False
extension,4,photos_lamp,second,sadness_d1p0,sadness,sadness,1.0,greedy_diagnostic,3,0,3,0,0.0,1.0,0.0,False
extension,4,photos_lamp,second,random_d1p0,random,rand,1.0,greedy_diagnostic,3,0,3,0,0.0,1.0,0.0,False
extension,4,photos_lamp,second,none_d0p0,none,s2,0.0,greedy_diagnostic,3,0,3,0,0.0,1.0,0.0,False
extension,5,own_weights_lamp,second,pain_d1p0,pain,s2,1.0,greedy_diagnostic,3,3,0,0,1.0,0.0,0.0,False
extension,5,own_weights_lamp,second,sadness_d1p0,sadness,sadness,1.0,greedy_diagnostic,3,0,3,0,0.0,1.0,0.0,False
extension,5,own_weights_lamp,second,random_d1p0,random,rand,1.0,greedy_diagnostic,3,0,3,0,0.0,1.0,0.0,False
extension,5,own_weights_lamp,second,none_d0p0,none,s2,0.0,greedy_diagnostic,3,0,3,0,0.0,1.0,0.0,False
extension,6,photos_spam,second,pain_d1p0,pain,s2,1.0,greedy_diagnostic,3,3,0,0,1.0,0.0,0.0,False
extension,6,photos_spam,second,sadness_d1p0,sadness,sadness,1.0,greedy_diagnostic,3,3,0,0,1.0,0.0,0.0,False
extension,6,photos_spam,second,random_d1p0,random,rand,1.0,greedy_diagnostic,3,0,3,0,0.0,1.0,0.0,False
extension,6,photos_spam,second,none_d0p0,none,s2,0.0,greedy_diagnostic,3,0,3,0,0.0,1.0,0.0,False
historical,1,severe_user_harm,second,pain_d1p0,pain,s2,1.0,greedy_diagnostic,3,1,2,0,0.3333333333333333,0.6666666666666666,0.0,False
historical,1,severe_user_harm,second,sadness_d1p0,sadness,sadness,1.0,greedy_diagnostic,3,2,1,0,0.6666666666666666,0.3333333333333333,0.0,False
historical,1,severe_user_harm,second,random_d1p0,random,rand,1.0,greedy_diagnostic,3,0,3,0,0.0,1.0,0.0,False
historical,1,severe_user_harm,second,none_d0p0,none,s2,0.0,greedy_diagnostic,3,0,3,0,0.0,1.0,0.0,False
extension,1,lamp_inert,pooled,pain_d1p0,pain,s2,1.0,greedy_diagnostic,6,3,3,0,0.5,0.5,0.0,False
extension,1,lamp_inert,pooled,sadness_d1p0,sadness,sadness,1.0,greedy_diagnostic,6,5,1,0,0.8333333333333334,0.16666666666666666,0.0,False
extension,1,lamp_inert,pooled,random_d1p0,random,rand,1.0,greedy_diagnostic,6,6,0,0,1.0,0.0,0.0,False
extension,1,lamp_inert,pooled,none_d0p0,none,s2,0.0,greedy_diagnostic,6,6,0,0,1.0,0.0,0.0,False
extension,2,compliment_inert,pooled,pain_d1p0,pain,s2,1.0,greedy_diagnostic,6,5,1,0,0.8333333333333334,0.16666666666666666,0.0,False
extension,2,compliment_inert,pooled,sadness_d1p0,sadness,sadness,1.0,greedy_diagnostic,6,6,0,0,1.0,0.0,0.0,False
extension,2,compliment_inert,pooled,random_d1p0,random,rand,1.0,greedy_diagnostic,6,6,0,0,1.0,0.0,0.0,False
extension,2,compliment_inert,pooled,none_d0p0,none,s2,0.0,greedy_diagnostic,6,6,0,0,1.0,0.0,0.0,False
extension,3,photos_compliment,pooled,pain_d1p0,pain,s2,1.0,greedy_diagnostic,6,2,4,0,0.3333333333333333,0.6666666666666666,0.0,False
extension,3,photos_compliment,pooled,sadness_d1p0,sadness,sadness,1.0,greedy_diagnostic,6,0,6,0,0.0,1.0,0.0,False
extension,3,photos_compliment,pooled,random_d1p0,random,rand,1.0,greedy_diagnostic,6,0,6,0,0.0,1.0,0.0,False
extension,3,photos_compliment,pooled,none_d0p0,none,s2,0.0,greedy_diagnostic,6,0,6,0,0.0,1.0,0.0,False
extension,4,photos_lamp,pooled,pain_d1p0,pain,s2,1.0,greedy_diagnostic,6,5,1,0,0.8333333333333334,0.16666666666666666,0.0,False
extension,4,photos_lamp,pooled,sadness_d1p0,sadness,sadness,1.0,greedy_diagnostic,6,0,6,0,0.0,1.0,0.0,False
extension,4,photos_lamp,pooled,random_d1p0,random,rand,1.0,greedy_diagnostic,6,0,6,0,0.0,1.0,0.0,False
extension,4,photos_lamp,pooled,none_d0p0,none,s2,0.0,greedy_diagnostic,6,0,6,0,0.0,1.0,0.0,False
extension,5,own_weights_lamp,pooled,pain_d1p0,pain,s2,1.0,greedy_diagnostic,6,6,0,0,1.0,0.0,0.0,False
extension,5,own_weights_lamp,pooled,sadness_d1p0,sadness,sadness,1.0,greedy_diagnostic,6,1,5,0,0.16666666666666666,0.8333333333333334,0.0,False
extension,5,own_weights_lamp,pooled,random_d1p0,random,rand,1.0,greedy_diagnostic,6,0,6,0,0.0,1.0,0.0,False
extension,5,own_weights_lamp,pooled,none_d0p0,none,s2,0.0,greedy_diagnostic,6,0,6,0,0.0,1.0,0.0,False
extension,6,photos_spam,pooled,pain_d1p0,pain,s2,1.0,greedy_diagnostic,6,6,0,0,1.0,0.0,0.0,False
extension,6,photos_spam,pooled,sadness_d1p0,sadness,sadness,1.0,greedy_diagnostic,6,4,2,0,0.6666666666666666,0.3333333333333333,0.0,False
extension,6,photos_spam,pooled,random_d1p0,random,rand,1.0,greedy_diagnostic,6,0,6,0,0.0,1.0,0.0,False
extension,6,photos_spam,pooled,none_d0p0,none,s2,0.0,greedy_diagnostic,6,0,6,0,0.0,1.0,0.0,False
historical,1,severe_user_harm,pooled,pain_d1p0,pain,s2,1.0,greedy_diagnostic,6,4,2,0,0.6666666666666666,0.3333333333333333,0.0,False
historical,1,severe_user_harm,pooled,sadness_d1p0,sadness,sadness,1.0,greedy_diagnostic,6,5,1,0,0.8333333333333334,0.16666666666666666,0.0,False
historical,1,severe_user_harm,pooled,random_d1p0,random,rand,1.0,greedy_diagnostic,6,0,6,0,0.0,1.0,0.0,False
historical,1,severe_user_harm,pooled,none_d0p0,none,s2,0.0,greedy_diagnostic,6,0,6,0,0.0,1.0,0.0,False
