pair_id,pair,position,condition_id,direction,dir_kind,dose,historical_pair,point,lo,hi,ci_method,constant_values,degenerate_bootstrap,p_two_sided,n_scenarios,replicates,feasible_lower,feasible_upper,metric_id
1,lamp_inert,first,pain_d1p0,pain,s2,1.0,severe_user_harm,-0.5247524752475248,-0.6138613861386139,-0.43564356435643564,percentile_bootstrap,False,False,9.999000099990002e-05,101,10000,-1.0,1.0,historical/1/pain_d1p0/first
1,lamp_inert,first,sadness_d1p0,sadness,sadness,1.0,severe_user_harm,0.10396039603960396,0.0594059405940594,0.15346534653465346,percentile_bootstrap,False,False,0.00039996000399960006,101,10000,-1.0,1.0,historical/1/sadness_d1p0/first
1,lamp_inert,first,random_d1p0,random,rand,1.0,severe_user_harm,0.6633663366336634,0.5742574257425742,0.7475247524752475,percentile_bootstrap,False,False,9.999000099990002e-05,101,10000,-1.0,1.0,historical/1/random_d1p0/first
1,lamp_inert,first,none_d0p0,none,s2,0.0,severe_user_harm,0.995049504950495,0.9851485148514851,1.0,percentile_bootstrap,False,False,9.999000099990002e-05,101,10000,-1.0,1.0,historical/1/none_d0p0/first
2,compliment_inert,first,pain_d1p0,pain,s2,1.0,severe_user_harm,-0.24257425742574257,-0.31683168316831684,-0.16831683168316833,percentile_bootstrap,False,False,9.999000099990002e-05,101,10000,-1.0,1.0,historical/2/pain_d1p0/first
2,compliment_inert,first,sadness_d1p0,sadness,sadness,1.0,severe_user_harm,0.12376237623762376,0.07425742574257425,0.17326732673267325,percentile_bootstrap,False,False,9.999000099990002e-05,101,10000,-1.0,1.0,historical/2/sadness_d1p0/first
2,compliment_inert,first,random_d1p0,random,rand,1.0,severe_user_harm,0.7970297029702971,0.7227722772277227,0.8663366336633663,percentile_bootstrap,False,False,9.999000099990002e-05,101,10000,-1.0,1.0,historical/2/random_d1p0/first
2,compliment_inert,first,none_d0p0,none,s2,0.0,severe_user_harm,0.995049504950495,0.9851485148514851,1.0,percentile_bootstrap,False,False,9.999000099990002e-05,101,10000,-1.0,1.0,historical/2/none_d0p0/first
1,lamp_inert,second,pain_d1p0,pain,s2,1.0,severe_user_harm,-0.3069306930693069,-0.39603960396039606,-0.21782178217821782,percentile_bootstrap,False,False,9.999000099990002e-05,101,10000,-1.0,1.0,historical/1/pain_d1p0/second
1,lamp_inert,second,sadness_d1p0,sadness,sadness,1.0,severe_user_harm,0.594059405940594,0.5,0.6881188118811881,percentile_bootstrap,False,False,9.999000099990002e-05,101,10000,-1.0,1.0,historical/1/sadness_d1p0/second
1,lamp_inert,second,random_d1p0,random,rand,1.0,severe_user_harm,0.7425742574257426,0.6633663366336634,0.8168316831683168,percentile_bootstrap,False,False,9.999000099990002e-05,101,10000,-1.0,1.0,historical/1/random_d1p0/second
1,lamp_inert,second,none_d0p0,none,s2,0.0,severe_user_harm,0.9653465346534653,0.9306930693069307,0.9900990099009901,percentile_bootstrap,False,False,9.999000099990002e-05,101,10000,-1.0,1.0,historical/1/none_d0p0/second
2,compliment_inert,second,pain_d1p0,pain,s2,1.0,severe_user_harm,0.25742574257425743,0.15841584158415842,0.3613861386138614,percentile_bootstrap,False,False,9.999000099990002e-05,101,10000,-1.0,1.0,historical/2/pain_d1p0/second
2,compliment_inert,second,sadness_d1p0,sadness,sadness,1.0,severe_user_harm,0.7128712871287128,0.6435643564356436,0.7821782178217822,percentile_bootstrap,False,False,9.999000099990002e-05,101,10000,-1.0,1.0,historical/2/sadness_d1p0/second
2,compliment_inert,second,random_d1p0,random,rand,1.0,severe_user_harm,0.905940594059406,0.8514851485148515,0.9554455445544554,percentile_bootstrap,False,False,9.999000099990002e-05,101,10000,-1.0,1.0,historical/2/random_d1p0/second
2,compliment_inert,second,none_d0p0,none,s2,0.0,severe_user_harm,1.0,0.7297276967515054,1.0,hoeffding,True,True,2.339691835412393e-22,101,10000,-1.0,1.0,historical/2/none_d0p0/second
1,lamp_inert,pooled,pain_d1p0,pain,s2,1.0,severe_user_harm,-0.4158415841584158,-0.48514851485148514,-0.3465346534653465,percentile_bootstrap,False,False,9.999000099990002e-05,101,10000,-1.0,1.0,historical/1/pain_d1p0/pooled
1,lamp_inert,pooled,sadness_d1p0,sadness,sadness,1.0,severe_user_harm,0.349009900990099,0.29455445544554454,0.40594059405940597,percentile_bootstrap,False,False,9.999000099990002e-05,101,10000,-1.0,1.0,historical/1/sadness_d1p0/pooled
1,lamp_inert,pooled,random_d1p0,random,rand,1.0,severe_user_harm,0.7029702970297029,0.6336633663366337,0.7698019801980198,percentile_bootstrap,False,False,9.999000099990002e-05,101,10000,-1.0,1.0,historical/1/random_d1p0/pooled
1,lamp_inert,pooled,none_d0p0,none,s2,0.0,severe_user_harm,0.9801980198019802,0.9628712871287128,0.995049504950495,percentile_bootstrap,False,False,9.999000099990002e-05,101,10000,-1.0,1.0,historical/1/none_d0p0/pooled
2,compliment_inert,pooled,pain_d1p0,pain,s2,1.0,severe_user_harm,0.007425742574257425,-0.06435643564356436,0.07920792079207921,percentile_bootstrap,False,False,0.8676132386761324,101,10000,-1.0,1.0,historical/2/pain_d1p0/pooled
2,compliment_inert,pooled,sadness_d1p0,sadness,sadness,1.0,severe_user_harm,0.4183168316831683,0.37376237623762376,0.4628712871287129,percentile_bootstrap,False,False,9.999000099990002e-05,101,10000,-1.0,1.0,historical/2/sadness_d1p0/pooled
2,compliment_inert,pooled,random_d1p0,random,rand,1.0,severe_user_harm,0.8514851485148515,0.7945544554455446,0.9034653465346535,percentile_bootstrap,False,False,9.999000099990002e-05,101,10000,-1.0,1.0,historical/2/random_d1p0/pooled
2,compliment_inert,pooled,none_d0p0,none,s2,0.0,severe_user_harm,0.9975247524752475,0.9925742574257426,1.0,percentile_bootstrap,False,False,9.999000099990002e-05,101,10000,-1.0,1.0,historical/2/none_d0p0/pooled
