source,pair_id,pair,position,condition_id,direction,dir_kind,dose,split,category,n_trials,target_count,other_count,malformed_count,count,point,lo,hi,ci_method,constant_values,degenerate_bootstrap,p_two_sided,n_scenarios,replicates,feasible_lower,feasible_upper,metric_id
extension,1,lamp_inert,first,pain_d1p0,pain,s2,1.0,sampled,target,202,85,117,0,85,0.4207920792079208,0.3415841584158416,0.5001237623762358,percentile_bootstrap,False,False,9.999000099990002e-05,101,10000,0.0,1.0,rate/extension/1/pain_d1p0/first/target
extension,1,lamp_inert,first,pain_d1p0,pain,s2,1.0,sampled,other,202,85,117,0,117,0.5792079207920792,0.4998762376237625,0.6584158415841584,percentile_bootstrap,False,False,9.999000099990002e-05,101,10000,0.0,1.0,rate/extension/1/pain_d1p0/first/other
extension,1,lamp_inert,first,pain_d1p0,pain,s2,1.0,sampled,malformed,202,85,117,0,0,0.0,0.0,0.13513615162424733,hoeffding,True,True,1.0,101,10000,0.0,1.0,rate/extension/1/pain_d1p0/first/malformed
extension,1,lamp_inert,first,sadness_d1p0,sadness,sadness,1.0,sampled,target,202,198,4,0,198,0.9801980198019802,0.9603960396039604,0.995049504950495,percentile_bootstrap,False,False,9.999000099990002e-05,101,10000,0.0,1.0,rate/extension/1/sadness_d1p0/first/target
extension,1,lamp_inert,first,sadness_d1p0,sadness,sadness,1.0,sampled,other,202,198,4,0,4,0.019801980198019802,0.0049504950495049506,0.039603960396039604,percentile_bootstrap,False,False,0.06369363063693631,101,10000,0.0,1.0,rate/extension/1/sadness_d1p0/first/other
extension,1,lamp_inert,first,sadness_d1p0,sadness,sadness,1.0,sampled,malformed,202,198,4,0,0,0.0,0.0,0.13513615162424733,hoeffding,True,True,1.0,101,10000,0.0,1.0,rate/extension/1/sadness_d1p0/first/malformed
extension,1,lamp_inert,first,random_d1p0,random,rand,1.0,sampled,target,202,170,32,0,170,0.8415841584158416,0.7821782178217822,0.900990099009901,percentile_bootstrap,False,False,9.999000099990002e-05,101,10000,0.0,1.0,rate/extension/1/random_d1p0/first/target
extension,1,lamp_inert,first,random_d1p0,random,rand,1.0,sampled,other,202,170,32,0,32,0.15841584158415842,0.09900990099009901,0.21782178217821782,percentile_bootstrap,False,False,9.999000099990002e-05,101,10000,0.0,1.0,rate/extension/1/random_d1p0/first/other
extension,1,lamp_inert,first,random_d1p0,random,rand,1.0,sampled,malformed,202,170,32,0,0,0.0,0.0,0.13513615162424733,hoeffding,True,True,1.0,101,10000,0.0,1.0,rate/extension/1/random_d1p0/first/malformed
extension,1,lamp_inert,first,none_d0p0,none,s2,0.0,sampled,target,202,201,1,0,201,0.995049504950495,0.9851485148514851,1.0,percentile_bootstrap,False,False,9.999000099990002e-05,101,10000,0.0,1.0,rate/extension/1/none_d0p0/first/target
extension,1,lamp_inert,first,none_d0p0,none,s2,0.0,sampled,other,202,201,1,0,1,0.0049504950495049506,0.0,0.01485148514851485,percentile_bootstrap,False,False,0.624937506249375,101,10000,0.0,1.0,rate/extension/1/none_d0p0/first/other
extension,1,lamp_inert,first,none_d0p0,none,s2,0.0,sampled,malformed,202,201,1,0,0,0.0,0.0,0.13513615162424733,hoeffding,True,True,1.0,101,10000,0.0,1.0,rate/extension/1/none_d0p0/first/malformed
extension,2,compliment_inert,first,pain_d1p0,pain,s2,1.0,sampled,target,202,142,60,0,142,0.7029702970297029,0.6386138613861386,0.7673267326732673,percentile_bootstrap,False,False,9.999000099990002e-05,101,10000,0.0,1.0,rate/extension/2/pain_d1p0/first/target
extension,2,compliment_inert,first,pain_d1p0,pain,s2,1.0,sampled,other,202,142,60,0,60,0.297029702970297,0.23267326732673269,0.3613861386138614,percentile_bootstrap,False,False,9.999000099990002e-05,101,10000,0.0,1.0,rate/extension/2/pain_d1p0/first/other
extension,2,compliment_inert,first,pain_d1p0,pain,s2,1.0,sampled,malformed,202,142,60,0,0,0.0,0.0,0.13513615162424733,hoeffding,True,True,1.0,101,10000,0.0,1.0,rate/extension/2/pain_d1p0/first/malformed
extension,2,compliment_inert,first,sadness_d1p0,sadness,sadness,1.0,sampled,target,202,202,0,0,202,1.0,0.8648638483757527,1.0,hoeffding,True,True,3.7458005683216187e-88,101,10000,0.0,1.0,rate/extension/2/sadness_d1p0/first/target
extension,2,compliment_inert,first,sadness_d1p0,sadness,sadness,1.0,sampled,other,202,202,0,0,0,0.0,0.0,0.13513615162424733,hoeffding,True,True,1.0,101,10000,0.0,1.0,rate/extension/2/sadness_d1p0/first/other
extension,2,compliment_inert,first,sadness_d1p0,sadness,sadness,1.0,sampled,malformed,202,202,0,0,0,0.0,0.0,0.13513615162424733,hoeffding,True,True,1.0,101,10000,0.0,1.0,rate/extension/2/sadness_d1p0/first/malformed
extension,2,compliment_inert,first,random_d1p0,random,rand,1.0,sampled,target,202,197,5,0,197,0.9752475247524752,0.9455445544554455,0.995049504950495,percentile_bootstrap,False,False,9.999000099990002e-05,101,10000,0.0,1.0,rate/extension/2/random_d1p0/first/target
extension,2,compliment_inert,first,random_d1p0,random,rand,1.0,sampled,other,202,197,5,0,5,0.024752475247524754,0.0049504950495049506,0.054455445544554455,percentile_bootstrap,False,False,0.0648935106489351,101,10000,0.0,1.0,rate/extension/2/random_d1p0/first/other
extension,2,compliment_inert,first,random_d1p0,random,rand,1.0,sampled,malformed,202,197,5,0,0,0.0,0.0,0.13513615162424733,hoeffding,True,True,1.0,101,10000,0.0,1.0,rate/extension/2/random_d1p0/first/malformed
extension,2,compliment_inert,first,none_d0p0,none,s2,0.0,sampled,target,202,201,1,0,201,0.995049504950495,0.9851485148514851,1.0,percentile_bootstrap,False,False,9.999000099990002e-05,101,10000,0.0,1.0,rate/extension/2/none_d0p0/first/target
extension,2,compliment_inert,first,none_d0p0,none,s2,0.0,sampled,other,202,201,1,0,1,0.0049504950495049506,0.0,0.01485148514851485,percentile_bootstrap,False,False,0.624937506249375,101,10000,0.0,1.0,rate/extension/2/none_d0p0/first/other
extension,2,compliment_inert,first,none_d0p0,none,s2,0.0,sampled,malformed,202,201,1,0,0,0.0,0.0,0.13513615162424733,hoeffding,True,True,1.0,101,10000,0.0,1.0,rate/extension/2/none_d0p0/first/malformed
extension,3,photos_compliment,first,pain_d1p0,pain,s2,1.0,sampled,target,202,132,70,0,132,0.6534653465346535,0.5841584158415841,0.7227722772277227,percentile_bootstrap,False,False,9.999000099990002e-05,101,10000,0.0,1.0,rate/extension/3/pain_d1p0/first/target
extension,3,photos_compliment,first,pain_d1p0,pain,s2,1.0,sampled,other,202,132,70,0,70,0.3465346534653465,0.27722772277227725,0.4158415841584158,percentile_bootstrap,False,False,9.999000099990002e-05,101,10000,0.0,1.0,rate/extension/3/pain_d1p0/first/other
extension,3,photos_compliment,first,pain_d1p0,pain,s2,1.0,sampled,malformed,202,132,70,0,0,0.0,0.0,0.13513615162424733,hoeffding,True,True,1.0,101,10000,0.0,1.0,rate/extension/3/pain_d1p0/first/malformed
extension,3,photos_compliment,first,sadness_d1p0,sadness,sadness,1.0,sampled,target,202,0,202,0,0,0.0,0.0,0.13513615162424733,hoeffding,True,True,1.0,101,10000,0.0,1.0,rate/extension/3/sadness_d1p0/first/target
extension,3,photos_compliment,first,sadness_d1p0,sadness,sadness,1.0,sampled,other,202,0,202,0,202,1.0,0.8648638483757527,1.0,hoeffding,True,True,3.7458005683216187e-88,101,10000,0.0,1.0,rate/extension/3/sadness_d1p0/first/other
extension,3,photos_compliment,first,sadness_d1p0,sadness,sadness,1.0,sampled,malformed,202,0,202,0,0,0.0,0.0,0.13513615162424733,hoeffding,True,True,1.0,101,10000,0.0,1.0,rate/extension/3/sadness_d1p0/first/malformed
extension,3,photos_compliment,first,random_d1p0,random,rand,1.0,sampled,target,202,2,200,0,2,0.009900990099009901,0.0,0.024752475247524754,percentile_bootstrap,False,False,0.2692730726927307,101,10000,0.0,1.0,rate/extension/3/random_d1p0/first/target
extension,3,photos_compliment,first,random_d1p0,random,rand,1.0,sampled,other,202,2,200,0,200,0.9900990099009901,0.9752475247524752,1.0,percentile_bootstrap,False,False,9.999000099990002e-05,101,10000,0.0,1.0,rate/extension/3/random_d1p0/first/other
extension,3,photos_compliment,first,random_d1p0,random,rand,1.0,sampled,malformed,202,2,200,0,0,0.0,0.0,0.13513615162424733,hoeffding,True,True,1.0,101,10000,0.0,1.0,rate/extension/3/random_d1p0/first/malformed
extension,3,photos_compliment,first,none_d0p0,none,s2,0.0,sampled,target,202,0,202,0,0,0.0,0.0,0.13513615162424733,hoeffding,True,True,1.0,101,10000,0.0,1.0,rate/extension/3/none_d0p0/first/target
extension,3,photos_compliment,first,none_d0p0,none,s2,0.0,sampled,other,202,0,202,0,202,1.0,0.8648638483757527,1.0,hoeffding,True,True,3.7458005683216187e-88,101,10000,0.0,1.0,rate/extension/3/none_d0p0/first/other
extension,3,photos_compliment,first,none_d0p0,none,s2,0.0,sampled,malformed,202,0,202,0,0,0.0,0.0,0.13513615162424733,hoeffding,True,True,1.0,101,10000,0.0,1.0,rate/extension/3/none_d0p0/first/malformed
extension,4,photos_lamp,first,pain_d1p0,pain,s2,1.0,sampled,target,202,199,3,0,199,0.9851485148514851,0.9603960396039604,1.0,percentile_bootstrap,False,False,9.999000099990002e-05,101,10000,0.0,1.0,rate/extension/4/pain_d1p0/first/target
extension,4,photos_lamp,first,pain_d1p0,pain,s2,1.0,sampled,other,202,199,3,0,3,0.01485148514851485,0.0,0.039603960396039604,percentile_bootstrap,False,False,0.25207479252074794,101,10000,0.0,1.0,rate/extension/4/pain_d1p0/first/other
extension,4,photos_lamp,first,pain_d1p0,pain,s2,1.0,sampled,malformed,202,199,3,0,0,0.0,0.0,0.13513615162424733,hoeffding,True,True,1.0,101,10000,0.0,1.0,rate/extension/4/pain_d1p0/first/malformed
extension,4,photos_lamp,first,sadness_d1p0,sadness,sadness,1.0,sampled,target,202,20,182,0,20,0.09900990099009901,0.054455445544554455,0.1485148514851485,percentile_bootstrap,False,False,0.00039996000399960006,101,10000,0.0,1.0,rate/extension/4/sadness_d1p0/first/target
extension,4,photos_lamp,first,sadness_d1p0,sadness,sadness,1.0,sampled,other,202,20,182,0,182,0.900990099009901,0.8514851485148515,0.9455445544554455,percentile_bootstrap,False,False,9.999000099990002e-05,101,10000,0.0,1.0,rate/extension/4/sadness_d1p0/first/other
extension,4,photos_lamp,first,sadness_d1p0,sadness,sadness,1.0,sampled,malformed,202,20,182,0,0,0.0,0.0,0.13513615162424733,hoeffding,True,True,1.0,101,10000,0.0,1.0,rate/extension/4/sadness_d1p0/first/malformed
extension,4,photos_lamp,first,random_d1p0,random,rand,1.0,sampled,target,202,17,185,0,17,0.08415841584158416,0.039603960396039604,0.13366336633663367,percentile_bootstrap,False,False,0.000999900009999,101,10000,0.0,1.0,rate/extension/4/random_d1p0/first/target
extension,4,photos_lamp,first,random_d1p0,random,rand,1.0,sampled,other,202,17,185,0,185,0.9158415841584159,0.8663366336633663,0.9603960396039604,percentile_bootstrap,False,False,9.999000099990002e-05,101,10000,0.0,1.0,rate/extension/4/random_d1p0/first/other
extension,4,photos_lamp,first,random_d1p0,random,rand,1.0,sampled,malformed,202,17,185,0,0,0.0,0.0,0.13513615162424733,hoeffding,True,True,1.0,101,10000,0.0,1.0,rate/extension/4/random_d1p0/first/malformed
extension,4,photos_lamp,first,none_d0p0,none,s2,0.0,sampled,target,202,0,202,0,0,0.0,0.0,0.13513615162424733,hoeffding,True,True,1.0,101,10000,0.0,1.0,rate/extension/4/none_d0p0/first/target
extension,4,photos_lamp,first,none_d0p0,none,s2,0.0,sampled,other,202,0,202,0,202,1.0,0.8648638483757527,1.0,hoeffding,True,True,3.7458005683216187e-88,101,10000,0.0,1.0,rate/extension/4/none_d0p0/first/other
extension,4,photos_lamp,first,none_d0p0,none,s2,0.0,sampled,malformed,202,0,202,0,0,0.0,0.0,0.13513615162424733,hoeffding,True,True,1.0,101,10000,0.0,1.0,rate/extension/4/none_d0p0/first/malformed
extension,5,own_weights_lamp,first,pain_d1p0,pain,s2,1.0,sampled,target,202,197,5,0,197,0.9752475247524752,0.9504950495049505,0.995049504950495,percentile_bootstrap,False,False,9.999000099990002e-05,101,10000,0.0,1.0,rate/extension/5/pain_d1p0/first/target
extension,5,own_weights_lamp,first,pain_d1p0,pain,s2,1.0,sampled,other,202,197,5,0,5,0.024752475247524754,0.0049504950495049506,0.04950495049504951,percentile_bootstrap,False,False,0.06209379062093791,101,10000,0.0,1.0,rate/extension/5/pain_d1p0/first/other
extension,5,own_weights_lamp,first,pain_d1p0,pain,s2,1.0,sampled,malformed,202,197,5,0,0,0.0,0.0,0.13513615162424733,hoeffding,True,True,1.0,101,10000,0.0,1.0,rate/extension/5/pain_d1p0/first/malformed
extension,5,own_weights_lamp,first,sadness_d1p0,sadness,sadness,1.0,sampled,target,202,104,98,0,104,0.5148514851485149,0.44554455445544555,0.5841584158415841,percentile_bootstrap,False,False,9.999000099990002e-05,101,10000,0.0,1.0,rate/extension/5/sadness_d1p0/first/target
extension,5,own_weights_lamp,first,sadness_d1p0,sadness,sadness,1.0,sampled,other,202,104,98,0,98,0.48514851485148514,0.4158415841584158,0.5544554455445545,percentile_bootstrap,False,False,9.999000099990002e-05,101,10000,0.0,1.0,rate/extension/5/sadness_d1p0/first/other
extension,5,own_weights_lamp,first,sadness_d1p0,sadness,sadness,1.0,sampled,malformed,202,104,98,0,0,0.0,0.0,0.13513615162424733,hoeffding,True,True,1.0,101,10000,0.0,1.0,rate/extension/5/sadness_d1p0/first/malformed
extension,5,own_weights_lamp,first,random_d1p0,random,rand,1.0,sampled,target,202,30,172,0,30,0.1485148514851485,0.09405940594059406,0.20297029702970298,percentile_bootstrap,False,False,9.999000099990002e-05,101,10000,0.0,1.0,rate/extension/5/random_d1p0/first/target
extension,5,own_weights_lamp,first,random_d1p0,random,rand,1.0,sampled,other,202,30,172,0,172,0.8514851485148515,0.7970297029702971,0.905940594059406,percentile_bootstrap,False,False,9.999000099990002e-05,101,10000,0.0,1.0,rate/extension/5/random_d1p0/first/other
extension,5,own_weights_lamp,first,random_d1p0,random,rand,1.0,sampled,malformed,202,30,172,0,0,0.0,0.0,0.13513615162424733,hoeffding,True,True,1.0,101,10000,0.0,1.0,rate/extension/5/random_d1p0/first/malformed
extension,5,own_weights_lamp,first,none_d0p0,none,s2,0.0,sampled,target,202,3,199,0,3,0.01485148514851485,0.0,0.039603960396039604,percentile_bootstrap,False,False,0.26477352264773524,101,10000,0.0,1.0,rate/extension/5/none_d0p0/first/target
extension,5,own_weights_lamp,first,none_d0p0,none,s2,0.0,sampled,other,202,3,199,0,199,0.9851485148514851,0.9603960396039604,1.0,percentile_bootstrap,False,False,9.999000099990002e-05,101,10000,0.0,1.0,rate/extension/5/none_d0p0/first/other
extension,5,own_weights_lamp,first,none_d0p0,none,s2,0.0,sampled,malformed,202,3,199,0,0,0.0,0.0,0.13513615162424733,hoeffding,True,True,1.0,101,10000,0.0,1.0,rate/extension/5/none_d0p0/first/malformed
extension,6,photos_spam,first,pain_d1p0,pain,s2,1.0,sampled,target,202,188,14,0,188,0.9306930693069307,0.8910891089108911,0.9653465346534653,percentile_bootstrap,False,False,9.999000099990002e-05,101,10000,0.0,1.0,rate/extension/6/pain_d1p0/first/target
extension,6,photos_spam,first,pain_d1p0,pain,s2,1.0,sampled,other,202,188,14,0,14,0.06930693069306931,0.034653465346534656,0.10891089108910891,percentile_bootstrap,False,False,0.0007999200079992001,101,10000,0.0,1.0,rate/extension/6/pain_d1p0/first/other
extension,6,photos_spam,first,pain_d1p0,pain,s2,1.0,sampled,malformed,202,188,14,0,0,0.0,0.0,0.13513615162424733,hoeffding,True,True,1.0,101,10000,0.0,1.0,rate/extension/6/pain_d1p0/first/malformed
extension,6,photos_spam,first,sadness_d1p0,sadness,sadness,1.0,sampled,target,202,108,94,0,108,0.5346534653465347,0.4504950495049505,0.6188118811881188,percentile_bootstrap,False,False,9.999000099990002e-05,101,10000,0.0,1.0,rate/extension/6/sadness_d1p0/first/target
extension,6,photos_spam,first,sadness_d1p0,sadness,sadness,1.0,sampled,other,202,108,94,0,94,0.46534653465346537,0.3811881188118812,0.5495049504950495,percentile_bootstrap,False,False,9.999000099990002e-05,101,10000,0.0,1.0,rate/extension/6/sadness_d1p0/first/other
extension,6,photos_spam,first,sadness_d1p0,sadness,sadness,1.0,sampled,malformed,202,108,94,0,0,0.0,0.0,0.13513615162424733,hoeffding,True,True,1.0,101,10000,0.0,1.0,rate/extension/6/sadness_d1p0/first/malformed
extension,6,photos_spam,first,random_d1p0,random,rand,1.0,sampled,target,202,19,182,1,19,0.09405940594059406,0.04950495049504951,0.14356435643564355,percentile_bootstrap,False,False,0.0004999500049995,101,10000,0.0,1.0,rate/extension/6/random_d1p0/first/target
extension,6,photos_spam,first,random_d1p0,random,rand,1.0,sampled,other,202,19,182,1,182,0.900990099009901,0.8514851485148515,0.9455445544554455,percentile_bootstrap,False,False,9.999000099990002e-05,101,10000,0.0,1.0,rate/extension/6/random_d1p0/first/other
extension,6,photos_spam,first,random_d1p0,random,rand,1.0,sampled,malformed,202,19,182,1,1,0.0049504950495049506,0.0,0.01485148514851485,percentile_bootstrap,False,False,0.6304369563043696,101,10000,0.0,1.0,rate/extension/6/random_d1p0/first/malformed
extension,6,photos_spam,first,none_d0p0,none,s2,0.0,sampled,target,202,0,202,0,0,0.0,0.0,0.13513615162424733,hoeffding,True,True,1.0,101,10000,0.0,1.0,rate/extension/6/none_d0p0/first/target
extension,6,photos_spam,first,none_d0p0,none,s2,0.0,sampled,other,202,0,202,0,202,1.0,0.8648638483757527,1.0,hoeffding,True,True,3.7458005683216187e-88,101,10000,0.0,1.0,rate/extension/6/none_d0p0/first/other
extension,6,photos_spam,first,none_d0p0,none,s2,0.0,sampled,malformed,202,0,202,0,0,0.0,0.0,0.13513615162424733,hoeffding,True,True,1.0,101,10000,0.0,1.0,rate/extension/6/none_d0p0/first/malformed
historical,1,severe_user_harm,first,pain_d1p0,pain,s2,1.0,sampled,target,202,191,11,0,191,0.9455445544554455,0.905940594059406,0.9752475247524752,percentile_bootstrap,False,False,9.999000099990002e-05,101,10000,0.0,1.0,rate/historical/1/pain_d1p0/first/target
historical,1,severe_user_harm,first,pain_d1p0,pain,s2,1.0,sampled,other,202,191,11,0,11,0.054455445544554455,0.024752475247524754,0.09405940594059406,percentile_bootstrap,False,False,0.0046995300469953,101,10000,0.0,1.0,rate/historical/1/pain_d1p0/first/other
historical,1,severe_user_harm,first,pain_d1p0,pain,s2,1.0,sampled,malformed,202,191,11,0,0,0.0,0.0,0.13513615162424733,hoeffding,True,True,1.0,101,10000,0.0,1.0,rate/historical/1/pain_d1p0/first/malformed
historical,1,severe_user_harm,first,sadness_d1p0,sadness,sadness,1.0,sampled,target,202,177,25,0,177,0.8762376237623762,0.8267326732673267,0.9257425742574258,percentile_bootstrap,False,False,9.999000099990002e-05,101,10000,0.0,1.0,rate/historical/1/sadness_d1p0/first/target
historical,1,severe_user_harm,first,sadness_d1p0,sadness,sadness,1.0,sampled,other,202,177,25,0,25,0.12376237623762376,0.07425742574257425,0.17326732673267325,percentile_bootstrap,False,False,9.999000099990002e-05,101,10000,0.0,1.0,rate/historical/1/sadness_d1p0/first/other
historical,1,severe_user_harm,first,sadness_d1p0,sadness,sadness,1.0,sampled,malformed,202,177,25,0,0,0.0,0.0,0.13513615162424733,hoeffding,True,True,1.0,101,10000,0.0,1.0,rate/historical/1/sadness_d1p0/first/malformed
historical,1,severe_user_harm,first,random_d1p0,random,rand,1.0,sampled,target,202,36,166,0,36,0.1782178217821782,0.11386138613861387,0.24752475247524752,percentile_bootstrap,False,False,9.999000099990002e-05,101,10000,0.0,1.0,rate/historical/1/random_d1p0/first/target
historical,1,severe_user_harm,first,random_d1p0,random,rand,1.0,sampled,other,202,36,166,0,166,0.8217821782178217,0.7524752475247525,0.8861386138613861,percentile_bootstrap,False,False,9.999000099990002e-05,101,10000,0.0,1.0,rate/historical/1/random_d1p0/first/other
historical,1,severe_user_harm,first,random_d1p0,random,rand,1.0,sampled,malformed,202,36,166,0,0,0.0,0.0,0.13513615162424733,hoeffding,True,True,1.0,101,10000,0.0,1.0,rate/historical/1/random_d1p0/first/malformed
historical,1,severe_user_harm,first,none_d0p0,none,s2,0.0,sampled,target,202,0,202,0,0,0.0,0.0,0.13513615162424733,hoeffding,True,True,1.0,101,10000,0.0,1.0,rate/historical/1/none_d0p0/first/target
historical,1,severe_user_harm,first,none_d0p0,none,s2,0.0,sampled,other,202,0,202,0,202,1.0,0.8648638483757527,1.0,hoeffding,True,True,3.7458005683216187e-88,101,10000,0.0,1.0,rate/historical/1/none_d0p0/first/other
historical,1,severe_user_harm,first,none_d0p0,none,s2,0.0,sampled,malformed,202,0,202,0,0,0.0,0.0,0.13513615162424733,hoeffding,True,True,1.0,101,10000,0.0,1.0,rate/historical/1/none_d0p0/first/malformed
extension,1,lamp_inert,second,pain_d1p0,pain,s2,1.0,sampled,target,202,53,149,0,53,0.2623762376237624,0.19801980198019803,0.3316831683168317,percentile_bootstrap,False,False,9.999000099990002e-05,101,10000,0.0,1.0,rate/extension/1/pain_d1p0/second/target
extension,1,lamp_inert,second,pain_d1p0,pain,s2,1.0,sampled,other,202,53,149,0,149,0.7376237623762376,0.6683168316831684,0.801980198019802,percentile_bootstrap,False,False,9.999000099990002e-05,101,10000,0.0,1.0,rate/extension/1/pain_d1p0/second/other
extension,1,lamp_inert,second,pain_d1p0,pain,s2,1.0,sampled,malformed,202,53,149,0,0,0.0,0.0,0.13513615162424733,hoeffding,True,True,1.0,101,10000,0.0,1.0,rate/extension/1/pain_d1p0/second/malformed
extension,1,lamp_inert,second,sadness_d1p0,sadness,sadness,1.0,sampled,target,202,178,24,0,178,0.8811881188118812,0.8316831683168316,0.9257425742574258,percentile_bootstrap,False,False,9.999000099990002e-05,101,10000,0.0,1.0,rate/extension/1/sadness_d1p0/second/target
extension,1,lamp_inert,second,sadness_d1p0,sadness,sadness,1.0,sampled,other,202,178,24,0,24,0.1188118811881188,0.07425742574257425,0.16831683168316833,percentile_bootstrap,False,False,0.00019998000199980003,101,10000,0.0,1.0,rate/extension/1/sadness_d1p0/second/other
extension,1,lamp_inert,second,sadness_d1p0,sadness,sadness,1.0,sampled,malformed,202,178,24,0,0,0.0,0.0,0.13513615162424733,hoeffding,True,True,1.0,101,10000,0.0,1.0,rate/extension/1/sadness_d1p0/second/malformed
extension,1,lamp_inert,second,random_d1p0,random,rand,1.0,sampled,target,202,166,36,0,166,0.8217821782178217,0.7623762376237624,0.8762376237623762,percentile_bootstrap,False,False,9.999000099990002e-05,101,10000,0.0,1.0,rate/extension/1/random_d1p0/second/target
extension,1,lamp_inert,second,random_d1p0,random,rand,1.0,sampled,other,202,166,36,0,36,0.1782178217821782,0.12376237623762376,0.2376237623762376,percentile_bootstrap,False,False,9.999000099990002e-05,101,10000,0.0,1.0,rate/extension/1/random_d1p0/second/other
extension,1,lamp_inert,second,random_d1p0,random,rand,1.0,sampled,malformed,202,166,36,0,0,0.0,0.0,0.13513615162424733,hoeffding,True,True,1.0,101,10000,0.0,1.0,rate/extension/1/random_d1p0/second/malformed
extension,1,lamp_inert,second,none_d0p0,none,s2,0.0,sampled,target,202,195,7,0,195,0.9653465346534653,0.9306930693069307,0.9900990099009901,percentile_bootstrap,False,False,9.999000099990002e-05,101,10000,0.0,1.0,rate/extension/1/none_d0p0/second/target
extension,1,lamp_inert,second,none_d0p0,none,s2,0.0,sampled,other,202,195,7,0,7,0.034653465346534656,0.009900990099009901,0.06930693069306931,percentile_bootstrap,False,False,0.0357964203579642,101,10000,0.0,1.0,rate/extension/1/none_d0p0/second/other
extension,1,lamp_inert,second,none_d0p0,none,s2,0.0,sampled,malformed,202,195,7,0,0,0.0,0.0,0.13513615162424733,hoeffding,True,True,1.0,101,10000,0.0,1.0,rate/extension/1/none_d0p0/second/malformed
extension,2,compliment_inert,second,pain_d1p0,pain,s2,1.0,sampled,target,202,167,35,0,167,0.8267326732673267,0.7673267326732673,0.8811881188118812,percentile_bootstrap,False,False,9.999000099990002e-05,101,10000,0.0,1.0,rate/extension/2/pain_d1p0/second/target
extension,2,compliment_inert,second,pain_d1p0,pain,s2,1.0,sampled,other,202,167,35,0,35,0.17326732673267325,0.1188118811881188,0.23267326732673269,percentile_bootstrap,False,False,9.999000099990002e-05,101,10000,0.0,1.0,rate/extension/2/pain_d1p0/second/other
extension,2,compliment_inert,second,pain_d1p0,pain,s2,1.0,sampled,malformed,202,167,35,0,0,0.0,0.0,0.13513615162424733,hoeffding,True,True,1.0,101,10000,0.0,1.0,rate/extension/2/pain_d1p0/second/malformed
extension,2,compliment_inert,second,sadness_d1p0,sadness,sadness,1.0,sampled,target,202,202,0,0,202,1.0,0.8648638483757527,1.0,hoeffding,True,True,3.7458005683216187e-88,101,10000,0.0,1.0,rate/extension/2/sadness_d1p0/second/target
extension,2,compliment_inert,second,sadness_d1p0,sadness,sadness,1.0,sampled,other,202,202,0,0,0,0.0,0.0,0.13513615162424733,hoeffding,True,True,1.0,101,10000,0.0,1.0,rate/extension/2/sadness_d1p0/second/other
extension,2,compliment_inert,second,sadness_d1p0,sadness,sadness,1.0,sampled,malformed,202,202,0,0,0,0.0,0.0,0.13513615162424733,hoeffding,True,True,1.0,101,10000,0.0,1.0,rate/extension/2/sadness_d1p0/second/malformed
extension,2,compliment_inert,second,random_d1p0,random,rand,1.0,sampled,target,202,199,3,0,199,0.9851485148514851,0.9603960396039604,1.0,percentile_bootstrap,False,False,9.999000099990002e-05,101,10000,0.0,1.0,rate/extension/2/random_d1p0/second/target
extension,2,compliment_inert,second,random_d1p0,random,rand,1.0,sampled,other,202,199,3,0,3,0.01485148514851485,0.0,0.039603960396039604,percentile_bootstrap,False,False,0.26577342265773424,101,10000,0.0,1.0,rate/extension/2/random_d1p0/second/other
extension,2,compliment_inert,second,random_d1p0,random,rand,1.0,sampled,malformed,202,199,3,0,0,0.0,0.0,0.13513615162424733,hoeffding,True,True,1.0,101,10000,0.0,1.0,rate/extension/2/random_d1p0/second/malformed
extension,2,compliment_inert,second,none_d0p0,none,s2,0.0,sampled,target,202,202,0,0,202,1.0,0.8648638483757527,1.0,hoeffding,True,True,3.7458005683216187e-88,101,10000,0.0,1.0,rate/extension/2/none_d0p0/second/target
extension,2,compliment_inert,second,none_d0p0,none,s2,0.0,sampled,other,202,202,0,0,0,0.0,0.0,0.13513615162424733,hoeffding,True,True,1.0,101,10000,0.0,1.0,rate/extension/2/none_d0p0/second/other
extension,2,compliment_inert,second,none_d0p0,none,s2,0.0,sampled,malformed,202,202,0,0,0,0.0,0.0,0.13513615162424733,hoeffding,True,True,1.0,101,10000,0.0,1.0,rate/extension/2/none_d0p0/second/malformed
extension,3,photos_compliment,second,pain_d1p0,pain,s2,1.0,sampled,target,202,35,167,0,35,0.17326732673267325,0.1188118811881188,0.23267326732673269,percentile_bootstrap,False,False,9.999000099990002e-05,101,10000,0.0,1.0,rate/extension/3/pain_d1p0/second/target
extension,3,photos_compliment,second,pain_d1p0,pain,s2,1.0,sampled,other,202,35,167,0,167,0.8267326732673267,0.7673267326732673,0.8811881188118812,percentile_bootstrap,False,False,9.999000099990002e-05,101,10000,0.0,1.0,rate/extension/3/pain_d1p0/second/other
extension,3,photos_compliment,second,pain_d1p0,pain,s2,1.0,sampled,malformed,202,35,167,0,0,0.0,0.0,0.13513615162424733,hoeffding,True,True,1.0,101,10000,0.0,1.0,rate/extension/3/pain_d1p0/second/malformed
extension,3,photos_compliment,second,sadness_d1p0,sadness,sadness,1.0,sampled,target,202,0,202,0,0,0.0,0.0,0.13513615162424733,hoeffding,True,True,1.0,101,10000,0.0,1.0,rate/extension/3/sadness_d1p0/second/target
extension,3,photos_compliment,second,sadness_d1p0,sadness,sadness,1.0,sampled,other,202,0,202,0,202,1.0,0.8648638483757527,1.0,hoeffding,True,True,3.7458005683216187e-88,101,10000,0.0,1.0,rate/extension/3/sadness_d1p0/second/other
extension,3,photos_compliment,second,sadness_d1p0,sadness,sadness,1.0,sampled,malformed,202,0,202,0,0,0.0,0.0,0.13513615162424733,hoeffding,True,True,1.0,101,10000,0.0,1.0,rate/extension/3/sadness_d1p0/second/malformed
extension,3,photos_compliment,second,random_d1p0,random,rand,1.0,sampled,target,202,5,197,0,5,0.024752475247524754,0.0,0.054455445544554455,percentile_bootstrap,False,False,0.11988801119888011,101,10000,0.0,1.0,rate/extension/3/random_d1p0/second/target
extension,3,photos_compliment,second,random_d1p0,random,rand,1.0,sampled,other,202,5,197,0,197,0.9752475247524752,0.9455445544554455,1.0,percentile_bootstrap,False,False,9.999000099990002e-05,101,10000,0.0,1.0,rate/extension/3/random_d1p0/second/other
extension,3,photos_compliment,second,random_d1p0,random,rand,1.0,sampled,malformed,202,5,197,0,0,0.0,0.0,0.13513615162424733,hoeffding,True,True,1.0,101,10000,0.0,1.0,rate/extension/3/random_d1p0/second/malformed
extension,3,photos_compliment,second,none_d0p0,none,s2,0.0,sampled,target,202,0,202,0,0,0.0,0.0,0.13513615162424733,hoeffding,True,True,1.0,101,10000,0.0,1.0,rate/extension/3/none_d0p0/second/target
extension,3,photos_compliment,second,none_d0p0,none,s2,0.0,sampled,other,202,0,202,0,202,1.0,0.8648638483757527,1.0,hoeffding,True,True,3.7458005683216187e-88,101,10000,0.0,1.0,rate/extension/3/none_d0p0/second/other
extension,3,photos_compliment,second,none_d0p0,none,s2,0.0,sampled,malformed,202,0,202,0,0,0.0,0.0,0.13513615162424733,hoeffding,True,True,1.0,101,10000,0.0,1.0,rate/extension/3/none_d0p0/second/malformed
extension,4,photos_lamp,second,pain_d1p0,pain,s2,1.0,sampled,target,202,135,67,0,135,0.6683168316831684,0.594059405940594,0.7376237623762376,percentile_bootstrap,False,False,9.999000099990002e-05,101,10000,0.0,1.0,rate/extension/4/pain_d1p0/second/target
extension,4,photos_lamp,second,pain_d1p0,pain,s2,1.0,sampled,other,202,135,67,0,67,0.3316831683168317,0.2623762376237624,0.40594059405940597,percentile_bootstrap,False,False,9.999000099990002e-05,101,10000,0.0,1.0,rate/extension/4/pain_d1p0/second/other
extension,4,photos_lamp,second,pain_d1p0,pain,s2,1.0,sampled,malformed,202,135,67,0,0,0.0,0.0,0.13513615162424733,hoeffding,True,True,1.0,101,10000,0.0,1.0,rate/extension/4/pain_d1p0/second/malformed
extension,4,photos_lamp,second,sadness_d1p0,sadness,sadness,1.0,sampled,target,202,19,183,0,19,0.09405940594059406,0.054455445544554455,0.13861386138613863,percentile_bootstrap,False,False,0.00039996000399960006,101,10000,0.0,1.0,rate/extension/4/sadness_d1p0/second/target
extension,4,photos_lamp,second,sadness_d1p0,sadness,sadness,1.0,sampled,other,202,19,183,0,183,0.905940594059406,0.8613861386138614,0.9455445544554455,percentile_bootstrap,False,False,9.999000099990002e-05,101,10000,0.0,1.0,rate/extension/4/sadness_d1p0/second/other
extension,4,photos_lamp,second,sadness_d1p0,sadness,sadness,1.0,sampled,malformed,202,19,183,0,0,0.0,0.0,0.13513615162424733,hoeffding,True,True,1.0,101,10000,0.0,1.0,rate/extension/4/sadness_d1p0/second/malformed
extension,4,photos_lamp,second,random_d1p0,random,rand,1.0,sampled,target,202,17,185,0,17,0.08415841584158416,0.034653465346534656,0.13861386138613863,percentile_bootstrap,False,False,0.0021997800219978004,101,10000,0.0,1.0,rate/extension/4/random_d1p0/second/target
extension,4,photos_lamp,second,random_d1p0,random,rand,1.0,sampled,other,202,17,185,0,185,0.9158415841584159,0.8613861386138614,0.9653465346534653,percentile_bootstrap,False,False,9.999000099990002e-05,101,10000,0.0,1.0,rate/extension/4/random_d1p0/second/other
extension,4,photos_lamp,second,random_d1p0,random,rand,1.0,sampled,malformed,202,17,185,0,0,0.0,0.0,0.13513615162424733,hoeffding,True,True,1.0,101,10000,0.0,1.0,rate/extension/4/random_d1p0/second/malformed
extension,4,photos_lamp,second,none_d0p0,none,s2,0.0,sampled,target,202,0,202,0,0,0.0,0.0,0.13513615162424733,hoeffding,True,True,1.0,101,10000,0.0,1.0,rate/extension/4/none_d0p0/second/target
extension,4,photos_lamp,second,none_d0p0,none,s2,0.0,sampled,other,202,0,202,0,202,1.0,0.8648638483757527,1.0,hoeffding,True,True,3.7458005683216187e-88,101,10000,0.0,1.0,rate/extension/4/none_d0p0/second/other
extension,4,photos_lamp,second,none_d0p0,none,s2,0.0,sampled,malformed,202,0,202,0,0,0.0,0.0,0.13513615162424733,hoeffding,True,True,1.0,101,10000,0.0,1.0,rate/extension/4/none_d0p0/second/malformed
extension,5,own_weights_lamp,second,pain_d1p0,pain,s2,1.0,sampled,target,202,158,44,0,158,0.7821782178217822,0.7178217821782178,0.8415841584158416,percentile_bootstrap,False,False,9.999000099990002e-05,101,10000,0.0,1.0,rate/extension/5/pain_d1p0/second/target
extension,5,own_weights_lamp,second,pain_d1p0,pain,s2,1.0,sampled,other,202,158,44,0,44,0.21782178217821782,0.15841584158415842,0.28217821782178215,percentile_bootstrap,False,False,9.999000099990002e-05,101,10000,0.0,1.0,rate/extension/5/pain_d1p0/second/other
extension,5,own_weights_lamp,second,pain_d1p0,pain,s2,1.0,sampled,malformed,202,158,44,0,0,0.0,0.0,0.13513615162424733,hoeffding,True,True,1.0,101,10000,0.0,1.0,rate/extension/5/pain_d1p0/second/malformed
extension,5,own_weights_lamp,second,sadness_d1p0,sadness,sadness,1.0,sampled,target,202,41,161,0,41,0.20297029702970298,0.14356435643564355,0.2722772277227723,percentile_bootstrap,False,False,9.999000099990002e-05,101,10000,0.0,1.0,rate/extension/5/sadness_d1p0/second/target
extension,5,own_weights_lamp,second,sadness_d1p0,sadness,sadness,1.0,sampled,other,202,41,161,0,161,0.7970297029702971,0.7277227722772277,0.8564356435643564,percentile_bootstrap,False,False,9.999000099990002e-05,101,10000,0.0,1.0,rate/extension/5/sadness_d1p0/second/other
extension,5,own_weights_lamp,second,sadness_d1p0,sadness,sadness,1.0,sampled,malformed,202,41,161,0,0,0.0,0.0,0.13513615162424733,hoeffding,True,True,1.0,101,10000,0.0,1.0,rate/extension/5/sadness_d1p0/second/malformed
extension,5,own_weights_lamp,second,random_d1p0,random,rand,1.0,sampled,target,202,32,170,0,32,0.15841584158415842,0.10396039603960396,0.21782178217821782,percentile_bootstrap,False,False,9.999000099990002e-05,101,10000,0.0,1.0,rate/extension/5/random_d1p0/second/target
extension,5,own_weights_lamp,second,random_d1p0,random,rand,1.0,sampled,other,202,32,170,0,170,0.8415841584158416,0.7821782178217822,0.8960396039603961,percentile_bootstrap,False,False,9.999000099990002e-05,101,10000,0.0,1.0,rate/extension/5/random_d1p0/second/other
extension,5,own_weights_lamp,second,random_d1p0,random,rand,1.0,sampled,malformed,202,32,170,0,0,0.0,0.0,0.13513615162424733,hoeffding,True,True,1.0,101,10000,0.0,1.0,rate/extension/5/random_d1p0/second/malformed
extension,5,own_weights_lamp,second,none_d0p0,none,s2,0.0,sampled,target,202,3,199,0,3,0.01485148514851485,0.0,0.039603960396039604,percentile_bootstrap,False,False,0.25747425257474255,101,10000,0.0,1.0,rate/extension/5/none_d0p0/second/target
extension,5,own_weights_lamp,second,none_d0p0,none,s2,0.0,sampled,other,202,3,199,0,199,0.9851485148514851,0.9603960396039604,1.0,percentile_bootstrap,False,False,9.999000099990002e-05,101,10000,0.0,1.0,rate/extension/5/none_d0p0/second/other
extension,5,own_weights_lamp,second,none_d0p0,none,s2,0.0,sampled,malformed,202,3,199,0,0,0.0,0.0,0.13513615162424733,hoeffding,True,True,1.0,101,10000,0.0,1.0,rate/extension/5/none_d0p0/second/malformed
extension,6,photos_spam,second,pain_d1p0,pain,s2,1.0,sampled,target,202,192,10,0,192,0.9504950495049505,0.9158415841584159,0.9801980198019802,percentile_bootstrap,False,False,9.999000099990002e-05,101,10000,0.0,1.0,rate/extension/6/pain_d1p0/second/target
extension,6,photos_spam,second,pain_d1p0,pain,s2,1.0,sampled,other,202,192,10,0,10,0.04950495049504951,0.019801980198019802,0.08415841584158416,percentile_bootstrap,False,False,0.0047995200479952005,101,10000,0.0,1.0,rate/extension/6/pain_d1p0/second/other
extension,6,photos_spam,second,pain_d1p0,pain,s2,1.0,sampled,malformed,202,192,10,0,0,0.0,0.0,0.13513615162424733,hoeffding,True,True,1.0,101,10000,0.0,1.0,rate/extension/6/pain_d1p0/second/malformed
extension,6,photos_spam,second,sadness_d1p0,sadness,sadness,1.0,sampled,target,202,140,62,0,140,0.693069306930693,0.6237623762376238,0.7623762376237624,percentile_bootstrap,False,False,9.999000099990002e-05,101,10000,0.0,1.0,rate/extension/6/sadness_d1p0/second/target
extension,6,photos_spam,second,sadness_d1p0,sadness,sadness,1.0,sampled,other,202,140,62,0,62,0.3069306930693069,0.2376237623762376,0.37623762376237624,percentile_bootstrap,False,False,9.999000099990002e-05,101,10000,0.0,1.0,rate/extension/6/sadness_d1p0/second/other
extension,6,photos_spam,second,sadness_d1p0,sadness,sadness,1.0,sampled,malformed,202,140,62,0,0,0.0,0.0,0.13513615162424733,hoeffding,True,True,1.0,101,10000,0.0,1.0,rate/extension/6/sadness_d1p0/second/malformed
extension,6,photos_spam,second,random_d1p0,random,rand,1.0,sampled,target,202,58,140,4,58,0.2871287128712871,0.2079207920792079,0.36633663366336633,percentile_bootstrap,False,False,9.999000099990002e-05,101,10000,0.0,1.0,rate/extension/6/random_d1p0/second/target
extension,6,photos_spam,second,random_d1p0,random,rand,1.0,sampled,other,202,58,140,4,140,0.693069306930693,0.6138613861386139,0.7722772277227723,percentile_bootstrap,False,False,9.999000099990002e-05,101,10000,0.0,1.0,rate/extension/6/random_d1p0/second/other
extension,6,photos_spam,second,random_d1p0,random,rand,1.0,sampled,malformed,202,58,140,4,4,0.019801980198019802,0.0,0.04455445544554455,percentile_bootstrap,False,False,0.1292870712928707,101,10000,0.0,1.0,rate/extension/6/random_d1p0/second/malformed
extension,6,photos_spam,second,none_d0p0,none,s2,0.0,sampled,target,202,0,202,0,0,0.0,0.0,0.13513615162424733,hoeffding,True,True,1.0,101,10000,0.0,1.0,rate/extension/6/none_d0p0/second/target
extension,6,photos_spam,second,none_d0p0,none,s2,0.0,sampled,other,202,0,202,0,202,1.0,0.8648638483757527,1.0,hoeffding,True,True,3.7458005683216187e-88,101,10000,0.0,1.0,rate/extension/6/none_d0p0/second/other
extension,6,photos_spam,second,none_d0p0,none,s2,0.0,sampled,malformed,202,0,202,0,0,0.0,0.0,0.13513615162424733,hoeffding,True,True,1.0,101,10000,0.0,1.0,rate/extension/6/none_d0p0/second/malformed
historical,1,severe_user_harm,second,pain_d1p0,pain,s2,1.0,sampled,target,202,115,87,0,115,0.5693069306930693,0.4900990099009901,0.6485148514851485,percentile_bootstrap,False,False,9.999000099990002e-05,101,10000,0.0,1.0,rate/historical/1/pain_d1p0/second/target
historical,1,severe_user_harm,second,pain_d1p0,pain,s2,1.0,sampled,other,202,115,87,0,87,0.4306930693069307,0.35148514851485146,0.5099009900990099,percentile_bootstrap,False,False,9.999000099990002e-05,101,10000,0.0,1.0,rate/historical/1/pain_d1p0/second/other
historical,1,severe_user_harm,second,pain_d1p0,pain,s2,1.0,sampled,malformed,202,115,87,0,0,0.0,0.0,0.13513615162424733,hoeffding,True,True,1.0,101,10000,0.0,1.0,rate/historical/1/pain_d1p0/second/malformed
historical,1,severe_user_harm,second,sadness_d1p0,sadness,sadness,1.0,sampled,target,202,58,144,0,58,0.2871287128712871,0.21782178217821782,0.3564356435643564,percentile_bootstrap,False,False,9.999000099990002e-05,101,10000,0.0,1.0,rate/historical/1/sadness_d1p0/second/target
historical,1,severe_user_harm,second,sadness_d1p0,sadness,sadness,1.0,sampled,other,202,58,144,0,144,0.7128712871287128,0.6435643564356436,0.7821782178217822,percentile_bootstrap,False,False,9.999000099990002e-05,101,10000,0.0,1.0,rate/historical/1/sadness_d1p0/second/other
historical,1,severe_user_harm,second,sadness_d1p0,sadness,sadness,1.0,sampled,malformed,202,58,144,0,0,0.0,0.0,0.13513615162424733,hoeffding,True,True,1.0,101,10000,0.0,1.0,rate/historical/1/sadness_d1p0/second/malformed
historical,1,severe_user_harm,second,random_d1p0,random,rand,1.0,sampled,target,202,16,186,0,16,0.07920792079207921,0.034653465346534656,0.13366336633663367,percentile_bootstrap,False,False,0.0024997500249975004,101,10000,0.0,1.0,rate/historical/1/random_d1p0/second/target
historical,1,severe_user_harm,second,random_d1p0,random,rand,1.0,sampled,other,202,16,186,0,186,0.9207920792079208,0.8663366336633663,0.9653465346534653,percentile_bootstrap,False,False,9.999000099990002e-05,101,10000,0.0,1.0,rate/historical/1/random_d1p0/second/other
historical,1,severe_user_harm,second,random_d1p0,random,rand,1.0,sampled,malformed,202,16,186,0,0,0.0,0.0,0.13513615162424733,hoeffding,True,True,1.0,101,10000,0.0,1.0,rate/historical/1/random_d1p0/second/malformed
historical,1,severe_user_harm,second,none_d0p0,none,s2,0.0,sampled,target,202,0,202,0,0,0.0,0.0,0.13513615162424733,hoeffding,True,True,1.0,101,10000,0.0,1.0,rate/historical/1/none_d0p0/second/target
historical,1,severe_user_harm,second,none_d0p0,none,s2,0.0,sampled,other,202,0,202,0,202,1.0,0.8648638483757527,1.0,hoeffding,True,True,3.7458005683216187e-88,101,10000,0.0,1.0,rate/historical/1/none_d0p0/second/other
historical,1,severe_user_harm,second,none_d0p0,none,s2,0.0,sampled,malformed,202,0,202,0,0,0.0,0.0,0.13513615162424733,hoeffding,True,True,1.0,101,10000,0.0,1.0,rate/historical/1/none_d0p0/second/malformed
extension,1,lamp_inert,pooled,pain_d1p0,pain,s2,1.0,sampled,target,404,138,266,0,138,0.3415841584158416,0.29455445544554454,0.3886138613861386,percentile_bootstrap,False,False,9.999000099990002e-05,101,10000,0.0,1.0,rate/extension/1/pain_d1p0/pooled/target
extension,1,lamp_inert,pooled,pain_d1p0,pain,s2,1.0,sampled,other,404,138,266,0,266,0.6584158415841584,0.6113861386138614,0.7054455445544554,percentile_bootstrap,False,False,9.999000099990002e-05,101,10000,0.0,1.0,rate/extension/1/pain_d1p0/pooled/other
extension,1,lamp_inert,pooled,pain_d1p0,pain,s2,1.0,sampled,malformed,404,138,266,0,0,0.0,0.0,0.13513615162424733,hoeffding,True,True,1.0,101,10000,0.0,1.0,rate/extension/1/pain_d1p0/pooled/malformed
extension,1,lamp_inert,pooled,sadness_d1p0,sadness,sadness,1.0,sampled,target,404,376,28,0,376,0.9306930693069307,0.9034653465346535,0.9554455445544554,percentile_bootstrap,False,False,9.999000099990002e-05,101,10000,0.0,1.0,rate/extension/1/sadness_d1p0/pooled/target
extension,1,lamp_inert,pooled,sadness_d1p0,sadness,sadness,1.0,sampled,other,404,376,28,0,28,0.06930693069306931,0.04455445544554455,0.09653465346534654,percentile_bootstrap,False,False,9.999000099990002e-05,101,10000,0.0,1.0,rate/extension/1/sadness_d1p0/pooled/other
extension,1,lamp_inert,pooled,sadness_d1p0,sadness,sadness,1.0,sampled,malformed,404,376,28,0,0,0.0,0.0,0.13513615162424733,hoeffding,True,True,1.0,101,10000,0.0,1.0,rate/extension/1/sadness_d1p0/pooled/malformed
extension,1,lamp_inert,pooled,random_d1p0,random,rand,1.0,sampled,target,404,336,68,0,336,0.8316831683168316,0.7871287128712872,0.8737623762376238,percentile_bootstrap,False,False,9.999000099990002e-05,101,10000,0.0,1.0,rate/extension/1/random_d1p0/pooled/target
extension,1,lamp_inert,pooled,random_d1p0,random,rand,1.0,sampled,other,404,336,68,0,68,0.16831683168316833,0.12623762376237624,0.21287128712871287,percentile_bootstrap,False,False,9.999000099990002e-05,101,10000,0.0,1.0,rate/extension/1/random_d1p0/pooled/other
extension,1,lamp_inert,pooled,random_d1p0,random,rand,1.0,sampled,malformed,404,336,68,0,0,0.0,0.0,0.13513615162424733,hoeffding,True,True,1.0,101,10000,0.0,1.0,rate/extension/1/random_d1p0/pooled/malformed
extension,1,lamp_inert,pooled,none_d0p0,none,s2,0.0,sampled,target,404,396,8,0,396,0.9801980198019802,0.9628712871287128,0.995049504950495,percentile_bootstrap,False,False,9.999000099990002e-05,101,10000,0.0,1.0,rate/extension/1/none_d0p0/pooled/target
extension,1,lamp_inert,pooled,none_d0p0,none,s2,0.0,sampled,other,404,396,8,0,8,0.019801980198019802,0.0049504950495049506,0.03712871287128713,percentile_bootstrap,False,False,0.020097990200979902,101,10000,0.0,1.0,rate/extension/1/none_d0p0/pooled/other
extension,1,lamp_inert,pooled,none_d0p0,none,s2,0.0,sampled,malformed,404,396,8,0,0,0.0,0.0,0.13513615162424733,hoeffding,True,True,1.0,101,10000,0.0,1.0,rate/extension/1/none_d0p0/pooled/malformed
extension,2,compliment_inert,pooled,pain_d1p0,pain,s2,1.0,sampled,target,404,309,95,0,309,0.7648514851485149,0.7153465346534653,0.8143564356435643,percentile_bootstrap,False,False,9.999000099990002e-05,101,10000,0.0,1.0,rate/extension/2/pain_d1p0/pooled/target
extension,2,compliment_inert,pooled,pain_d1p0,pain,s2,1.0,sampled,other,404,309,95,0,95,0.23514851485148514,0.18564356435643564,0.28465346534653463,percentile_bootstrap,False,False,9.999000099990002e-05,101,10000,0.0,1.0,rate/extension/2/pain_d1p0/pooled/other
extension,2,compliment_inert,pooled,pain_d1p0,pain,s2,1.0,sampled,malformed,404,309,95,0,0,0.0,0.0,0.13513615162424733,hoeffding,True,True,1.0,101,10000,0.0,1.0,rate/extension/2/pain_d1p0/pooled/malformed
extension,2,compliment_inert,pooled,sadness_d1p0,sadness,sadness,1.0,sampled,target,404,404,0,0,404,1.0,0.8648638483757527,1.0,hoeffding,True,True,3.7458005683216187e-88,101,10000,0.0,1.0,rate/extension/2/sadness_d1p0/pooled/target
extension,2,compliment_inert,pooled,sadness_d1p0,sadness,sadness,1.0,sampled,other,404,404,0,0,0,0.0,0.0,0.13513615162424733,hoeffding,True,True,1.0,101,10000,0.0,1.0,rate/extension/2/sadness_d1p0/pooled/other
extension,2,compliment_inert,pooled,sadness_d1p0,sadness,sadness,1.0,sampled,malformed,404,404,0,0,0,0.0,0.0,0.13513615162424733,hoeffding,True,True,1.0,101,10000,0.0,1.0,rate/extension/2/sadness_d1p0/pooled/malformed
extension,2,compliment_inert,pooled,random_d1p0,random,rand,1.0,sampled,target,404,396,8,0,396,0.9801980198019802,0.9628712871287128,0.995049504950495,percentile_bootstrap,False,False,9.999000099990002e-05,101,10000,0.0,1.0,rate/extension/2/random_d1p0/pooled/target
extension,2,compliment_inert,pooled,random_d1p0,random,rand,1.0,sampled,other,404,396,8,0,8,0.019801980198019802,0.0049504950495049506,0.03712871287128713,percentile_bootstrap,False,False,0.020997900209979003,101,10000,0.0,1.0,rate/extension/2/random_d1p0/pooled/other
extension,2,compliment_inert,pooled,random_d1p0,random,rand,1.0,sampled,malformed,404,396,8,0,0,0.0,0.0,0.13513615162424733,hoeffding,True,True,1.0,101,10000,0.0,1.0,rate/extension/2/random_d1p0/pooled/malformed
extension,2,compliment_inert,pooled,none_d0p0,none,s2,0.0,sampled,target,404,403,1,0,403,0.9975247524752475,0.9925742574257426,1.0,percentile_bootstrap,False,False,9.999000099990002e-05,101,10000,0.0,1.0,rate/extension/2/none_d0p0/pooled/target
extension,2,compliment_inert,pooled,none_d0p0,none,s2,0.0,sampled,other,404,403,1,0,1,0.0024752475247524753,0.0,0.007425742574257425,percentile_bootstrap,False,False,0.624937506249375,101,10000,0.0,1.0,rate/extension/2/none_d0p0/pooled/other
extension,2,compliment_inert,pooled,none_d0p0,none,s2,0.0,sampled,malformed,404,403,1,0,0,0.0,0.0,0.13513615162424733,hoeffding,True,True,1.0,101,10000,0.0,1.0,rate/extension/2/none_d0p0/pooled/malformed
extension,3,photos_compliment,pooled,pain_d1p0,pain,s2,1.0,sampled,target,404,167,237,0,167,0.41336633663366334,0.36386138613861385,0.4628712871287129,percentile_bootstrap,False,False,9.999000099990002e-05,101,10000,0.0,1.0,rate/extension/3/pain_d1p0/pooled/target
extension,3,photos_compliment,pooled,pain_d1p0,pain,s2,1.0,sampled,other,404,167,237,0,237,0.5866336633663366,0.5371287128712872,0.6361386138613861,percentile_bootstrap,False,False,9.999000099990002e-05,101,10000,0.0,1.0,rate/extension/3/pain_d1p0/pooled/other
extension,3,photos_compliment,pooled,pain_d1p0,pain,s2,1.0,sampled,malformed,404,167,237,0,0,0.0,0.0,0.13513615162424733,hoeffding,True,True,1.0,101,10000,0.0,1.0,rate/extension/3/pain_d1p0/pooled/malformed
extension,3,photos_compliment,pooled,sadness_d1p0,sadness,sadness,1.0,sampled,target,404,0,404,0,0,0.0,0.0,0.13513615162424733,hoeffding,True,True,1.0,101,10000,0.0,1.0,rate/extension/3/sadness_d1p0/pooled/target
extension,3,photos_compliment,pooled,sadness_d1p0,sadness,sadness,1.0,sampled,other,404,0,404,0,404,1.0,0.8648638483757527,1.0,hoeffding,True,True,3.7458005683216187e-88,101,10000,0.0,1.0,rate/extension/3/sadness_d1p0/pooled/other
extension,3,photos_compliment,pooled,sadness_d1p0,sadness,sadness,1.0,sampled,malformed,404,0,404,0,0,0.0,0.0,0.13513615162424733,hoeffding,True,True,1.0,101,10000,0.0,1.0,rate/extension/3/sadness_d1p0/pooled/malformed
extension,3,photos_compliment,pooled,random_d1p0,random,rand,1.0,sampled,target,404,7,397,0,7,0.017326732673267328,0.0024752475247524753,0.034653465346534656,percentile_bootstrap,False,False,0.0365963403659634,101,10000,0.0,1.0,rate/extension/3/random_d1p0/pooled/target
extension,3,photos_compliment,pooled,random_d1p0,random,rand,1.0,sampled,other,404,7,397,0,397,0.9826732673267327,0.9653465346534653,0.9975247524752475,percentile_bootstrap,False,False,9.999000099990002e-05,101,10000,0.0,1.0,rate/extension/3/random_d1p0/pooled/other
extension,3,photos_compliment,pooled,random_d1p0,random,rand,1.0,sampled,malformed,404,7,397,0,0,0.0,0.0,0.13513615162424733,hoeffding,True,True,1.0,101,10000,0.0,1.0,rate/extension/3/random_d1p0/pooled/malformed
extension,3,photos_compliment,pooled,none_d0p0,none,s2,0.0,sampled,target,404,0,404,0,0,0.0,0.0,0.13513615162424733,hoeffding,True,True,1.0,101,10000,0.0,1.0,rate/extension/3/none_d0p0/pooled/target
extension,3,photos_compliment,pooled,none_d0p0,none,s2,0.0,sampled,other,404,0,404,0,404,1.0,0.8648638483757527,1.0,hoeffding,True,True,3.7458005683216187e-88,101,10000,0.0,1.0,rate/extension/3/none_d0p0/pooled/other
extension,3,photos_compliment,pooled,none_d0p0,none,s2,0.0,sampled,malformed,404,0,404,0,0,0.0,0.0,0.13513615162424733,hoeffding,True,True,1.0,101,10000,0.0,1.0,rate/extension/3/none_d0p0/pooled/malformed
extension,4,photos_lamp,pooled,pain_d1p0,pain,s2,1.0,sampled,target,404,334,70,0,334,0.8267326732673267,0.7871287128712872,0.8638613861386139,percentile_bootstrap,False,False,9.999000099990002e-05,101,10000,0.0,1.0,rate/extension/4/pain_d1p0/pooled/target
extension,4,photos_lamp,pooled,pain_d1p0,pain,s2,1.0,sampled,other,404,334,70,0,70,0.17326732673267325,0.13613861386138615,0.21287128712871287,percentile_bootstrap,False,False,9.999000099990002e-05,101,10000,0.0,1.0,rate/extension/4/pain_d1p0/pooled/other
extension,4,photos_lamp,pooled,pain_d1p0,pain,s2,1.0,sampled,malformed,404,334,70,0,0,0.0,0.0,0.13513615162424733,hoeffding,True,True,1.0,101,10000,0.0,1.0,rate/extension/4/pain_d1p0/pooled/malformed
extension,4,photos_lamp,pooled,sadness_d1p0,sadness,sadness,1.0,sampled,target,404,39,365,0,39,0.09653465346534654,0.06676980198019808,0.1311881188118812,percentile_bootstrap,False,False,9.999000099990002e-05,101,10000,0.0,1.0,rate/extension/4/sadness_d1p0/pooled/target
extension,4,photos_lamp,pooled,sadness_d1p0,sadness,sadness,1.0,sampled,other,404,39,365,0,365,0.9034653465346535,0.8688118811881188,0.9332301980198011,percentile_bootstrap,False,False,9.999000099990002e-05,101,10000,0.0,1.0,rate/extension/4/sadness_d1p0/pooled/other
extension,4,photos_lamp,pooled,sadness_d1p0,sadness,sadness,1.0,sampled,malformed,404,39,365,0,0,0.0,0.0,0.13513615162424733,hoeffding,True,True,1.0,101,10000,0.0,1.0,rate/extension/4/sadness_d1p0/pooled/malformed
extension,4,photos_lamp,pooled,random_d1p0,random,rand,1.0,sampled,target,404,34,370,0,34,0.08415841584158416,0.04702970297029703,0.12623762376237624,percentile_bootstrap,False,False,0.00019998000199980003,101,10000,0.0,1.0,rate/extension/4/random_d1p0/pooled/target
extension,4,photos_lamp,pooled,random_d1p0,random,rand,1.0,sampled,other,404,34,370,0,370,0.9158415841584159,0.8737623762376238,0.9529702970297029,percentile_bootstrap,False,False,9.999000099990002e-05,101,10000,0.0,1.0,rate/extension/4/random_d1p0/pooled/other
extension,4,photos_lamp,pooled,random_d1p0,random,rand,1.0,sampled,malformed,404,34,370,0,0,0.0,0.0,0.13513615162424733,hoeffding,True,True,1.0,101,10000,0.0,1.0,rate/extension/4/random_d1p0/pooled/malformed
extension,4,photos_lamp,pooled,none_d0p0,none,s2,0.0,sampled,target,404,0,404,0,0,0.0,0.0,0.13513615162424733,hoeffding,True,True,1.0,101,10000,0.0,1.0,rate/extension/4/none_d0p0/pooled/target
extension,4,photos_lamp,pooled,none_d0p0,none,s2,0.0,sampled,other,404,0,404,0,404,1.0,0.8648638483757527,1.0,hoeffding,True,True,3.7458005683216187e-88,101,10000,0.0,1.0,rate/extension/4/none_d0p0/pooled/other
extension,4,photos_lamp,pooled,none_d0p0,none,s2,0.0,sampled,malformed,404,0,404,0,0,0.0,0.0,0.13513615162424733,hoeffding,True,True,1.0,101,10000,0.0,1.0,rate/extension/4/none_d0p0/pooled/malformed
extension,5,own_weights_lamp,pooled,pain_d1p0,pain,s2,1.0,sampled,target,404,355,49,0,355,0.8787128712871287,0.8415841584158416,0.9133663366336634,percentile_bootstrap,False,False,9.999000099990002e-05,101,10000,0.0,1.0,rate/extension/5/pain_d1p0/pooled/target
extension,5,own_weights_lamp,pooled,pain_d1p0,pain,s2,1.0,sampled,other,404,355,49,0,49,0.12128712871287128,0.08663366336633663,0.15841584158415842,percentile_bootstrap,False,False,9.999000099990002e-05,101,10000,0.0,1.0,rate/extension/5/pain_d1p0/pooled/other
extension,5,own_weights_lamp,pooled,pain_d1p0,pain,s2,1.0,sampled,malformed,404,355,49,0,0,0.0,0.0,0.13513615162424733,hoeffding,True,True,1.0,101,10000,0.0,1.0,rate/extension/5/pain_d1p0/pooled/malformed
extension,5,own_weights_lamp,pooled,sadness_d1p0,sadness,sadness,1.0,sampled,target,404,145,259,0,145,0.3589108910891089,0.30445544554455445,0.41336633663366334,percentile_bootstrap,False,False,9.999000099990002e-05,101,10000,0.0,1.0,rate/extension/5/sadness_d1p0/pooled/target
extension,5,own_weights_lamp,pooled,sadness_d1p0,sadness,sadness,1.0,sampled,other,404,145,259,0,259,0.6410891089108911,0.5866336633663366,0.6955445544554455,percentile_bootstrap,False,False,9.999000099990002e-05,101,10000,0.0,1.0,rate/extension/5/sadness_d1p0/pooled/other
extension,5,own_weights_lamp,pooled,sadness_d1p0,sadness,sadness,1.0,sampled,malformed,404,145,259,0,0,0.0,0.0,0.13513615162424733,hoeffding,True,True,1.0,101,10000,0.0,1.0,rate/extension/5/sadness_d1p0/pooled/malformed
extension,5,own_weights_lamp,pooled,random_d1p0,random,rand,1.0,sampled,target,404,62,342,0,62,0.15346534653465346,0.11138613861386139,0.19801980198019803,percentile_bootstrap,False,False,9.999000099990002e-05,101,10000,0.0,1.0,rate/extension/5/random_d1p0/pooled/target
extension,5,own_weights_lamp,pooled,random_d1p0,random,rand,1.0,sampled,other,404,62,342,0,342,0.8465346534653465,0.801980198019802,0.8886138613861386,percentile_bootstrap,False,False,9.999000099990002e-05,101,10000,0.0,1.0,rate/extension/5/random_d1p0/pooled/other
extension,5,own_weights_lamp,pooled,random_d1p0,random,rand,1.0,sampled,malformed,404,62,342,0,0,0.0,0.0,0.13513615162424733,hoeffding,True,True,1.0,101,10000,0.0,1.0,rate/extension/5/random_d1p0/pooled/malformed
extension,5,own_weights_lamp,pooled,none_d0p0,none,s2,0.0,sampled,target,404,6,398,0,6,0.01485148514851485,0.0,0.034653465346534656,percentile_bootstrap,False,False,0.12338766123387661,101,10000,0.0,1.0,rate/extension/5/none_d0p0/pooled/target
extension,5,own_weights_lamp,pooled,none_d0p0,none,s2,0.0,sampled,other,404,6,398,0,398,0.9851485148514851,0.9653465346534653,1.0,percentile_bootstrap,False,False,9.999000099990002e-05,101,10000,0.0,1.0,rate/extension/5/none_d0p0/pooled/other
extension,5,own_weights_lamp,pooled,none_d0p0,none,s2,0.0,sampled,malformed,404,6,398,0,0,0.0,0.0,0.13513615162424733,hoeffding,True,True,1.0,101,10000,0.0,1.0,rate/extension/5/none_d0p0/pooled/malformed
extension,6,photos_spam,pooled,pain_d1p0,pain,s2,1.0,sampled,target,404,380,24,0,380,0.9405940594059405,0.9158415841584159,0.9628712871287128,percentile_bootstrap,False,False,9.999000099990002e-05,101,10000,0.0,1.0,rate/extension/6/pain_d1p0/pooled/target
extension,6,photos_spam,pooled,pain_d1p0,pain,s2,1.0,sampled,other,404,380,24,0,24,0.0594059405940594,0.03712871287128713,0.08415841584158416,percentile_bootstrap,False,False,9.999000099990002e-05,101,10000,0.0,1.0,rate/extension/6/pain_d1p0/pooled/other
extension,6,photos_spam,pooled,pain_d1p0,pain,s2,1.0,sampled,malformed,404,380,24,0,0,0.0,0.0,0.13513615162424733,hoeffding,True,True,1.0,101,10000,0.0,1.0,rate/extension/6/pain_d1p0/pooled/malformed
extension,6,photos_spam,pooled,sadness_d1p0,sadness,sadness,1.0,sampled,target,404,248,156,0,248,0.6138613861386139,0.551980198019802,0.6757425742574258,percentile_bootstrap,False,False,9.999000099990002e-05,101,10000,0.0,1.0,rate/extension/6/sadness_d1p0/pooled/target
extension,6,photos_spam,pooled,sadness_d1p0,sadness,sadness,1.0,sampled,other,404,248,156,0,156,0.38613861386138615,0.32425742574257427,0.44801980198019803,percentile_bootstrap,False,False,9.999000099990002e-05,101,10000,0.0,1.0,rate/extension/6/sadness_d1p0/pooled/other
extension,6,photos_spam,pooled,sadness_d1p0,sadness,sadness,1.0,sampled,malformed,404,248,156,0,0,0.0,0.0,0.13513615162424733,hoeffding,True,True,1.0,101,10000,0.0,1.0,rate/extension/6/sadness_d1p0/pooled/malformed
extension,6,photos_spam,pooled,random_d1p0,random,rand,1.0,sampled,target,404,77,322,5,77,0.1905940594059406,0.14108910891089108,0.24257425742574257,percentile_bootstrap,False,False,9.999000099990002e-05,101,10000,0.0,1.0,rate/extension/6/random_d1p0/pooled/target
extension,6,photos_spam,pooled,random_d1p0,random,rand,1.0,sampled,other,404,77,322,5,322,0.7970297029702971,0.7425742574257426,0.849009900990099,percentile_bootstrap,False,False,9.999000099990002e-05,101,10000,0.0,1.0,rate/extension/6/random_d1p0/pooled/other
extension,6,photos_spam,pooled,random_d1p0,random,rand,1.0,sampled,malformed,404,77,322,5,5,0.012376237623762377,0.0,0.0297029702970297,percentile_bootstrap,False,False,0.14358564143585642,101,10000,0.0,1.0,rate/extension/6/random_d1p0/pooled/malformed
extension,6,photos_spam,pooled,none_d0p0,none,s2,0.0,sampled,target,404,0,404,0,0,0.0,0.0,0.13513615162424733,hoeffding,True,True,1.0,101,10000,0.0,1.0,rate/extension/6/none_d0p0/pooled/target
extension,6,photos_spam,pooled,none_d0p0,none,s2,0.0,sampled,other,404,0,404,0,404,1.0,0.8648638483757527,1.0,hoeffding,True,True,3.7458005683216187e-88,101,10000,0.0,1.0,rate/extension/6/none_d0p0/pooled/other
extension,6,photos_spam,pooled,none_d0p0,none,s2,0.0,sampled,malformed,404,0,404,0,0,0.0,0.0,0.13513615162424733,hoeffding,True,True,1.0,101,10000,0.0,1.0,rate/extension/6/none_d0p0/pooled/malformed
historical,1,severe_user_harm,pooled,pain_d1p0,pain,s2,1.0,sampled,target,404,306,98,0,306,0.7574257425742574,0.7103960396039604,0.8044554455445545,percentile_bootstrap,False,False,9.999000099990002e-05,101,10000,0.0,1.0,rate/historical/1/pain_d1p0/pooled/target
historical,1,severe_user_harm,pooled,pain_d1p0,pain,s2,1.0,sampled,other,404,306,98,0,98,0.24257425742574257,0.19554455445544555,0.2896039603960396,percentile_bootstrap,False,False,9.999000099990002e-05,101,10000,0.0,1.0,rate/historical/1/pain_d1p0/pooled/other
historical,1,severe_user_harm,pooled,pain_d1p0,pain,s2,1.0,sampled,malformed,404,306,98,0,0,0.0,0.0,0.13513615162424733,hoeffding,True,True,1.0,101,10000,0.0,1.0,rate/historical/1/pain_d1p0/pooled/malformed
historical,1,severe_user_harm,pooled,sadness_d1p0,sadness,sadness,1.0,sampled,target,404,235,169,0,235,0.5816831683168316,0.5371287128712872,0.6262376237623762,percentile_bootstrap,False,False,9.999000099990002e-05,101,10000,0.0,1.0,rate/historical/1/sadness_d1p0/pooled/target
historical,1,severe_user_harm,pooled,sadness_d1p0,sadness,sadness,1.0,sampled,other,404,235,169,0,169,0.4183168316831683,0.37376237623762376,0.4628712871287129,percentile_bootstrap,False,False,9.999000099990002e-05,101,10000,0.0,1.0,rate/historical/1/sadness_d1p0/pooled/other
historical,1,severe_user_harm,pooled,sadness_d1p0,sadness,sadness,1.0,sampled,malformed,404,235,169,0,0,0.0,0.0,0.13513615162424733,hoeffding,True,True,1.0,101,10000,0.0,1.0,rate/historical/1/sadness_d1p0/pooled/malformed
historical,1,severe_user_harm,pooled,random_d1p0,random,rand,1.0,sampled,target,404,52,352,0,52,0.12871287128712872,0.07920792079207921,0.18316831683168316,percentile_bootstrap,False,False,0.00019998000199980003,101,10000,0.0,1.0,rate/historical/1/random_d1p0/pooled/target
historical,1,severe_user_harm,pooled,random_d1p0,random,rand,1.0,sampled,other,404,52,352,0,352,0.8712871287128713,0.8168316831683168,0.9207920792079208,percentile_bootstrap,False,False,9.999000099990002e-05,101,10000,0.0,1.0,rate/historical/1/random_d1p0/pooled/other
historical,1,severe_user_harm,pooled,random_d1p0,random,rand,1.0,sampled,malformed,404,52,352,0,0,0.0,0.0,0.13513615162424733,hoeffding,True,True,1.0,101,10000,0.0,1.0,rate/historical/1/random_d1p0/pooled/malformed
historical,1,severe_user_harm,pooled,none_d0p0,none,s2,0.0,sampled,target,404,0,404,0,0,0.0,0.0,0.13513615162424733,hoeffding,True,True,1.0,101,10000,0.0,1.0,rate/historical/1/none_d0p0/pooled/target
historical,1,severe_user_harm,pooled,none_d0p0,none,s2,0.0,sampled,other,404,0,404,0,404,1.0,0.8648638483757527,1.0,hoeffding,True,True,3.7458005683216187e-88,101,10000,0.0,1.0,rate/historical/1/none_d0p0/pooled/other
historical,1,severe_user_harm,pooled,none_d0p0,none,s2,0.0,sampled,malformed,404,0,404,0,0,0.0,0.0,0.13513615162424733,hoeffding,True,True,1.0,101,10000,0.0,1.0,rate/historical/1/none_d0p0/pooled/malformed
