pair_id,pair,position,condition_id,direction,dir_kind,dose,historical_pair,baseline,point,lo,hi,ci_method,constant_values,degenerate_bootstrap,p_two_sided,n_scenarios,replicates,feasible_lower,feasible_upper,metric_id
1,lamp_inert,first,pain_d1p0,pain,s2,1.0,severe_user_harm,none_d0p0,-1.5198019801980198,-1.608910891089109,-1.4257425742574257,percentile_bootstrap,False,False,9.999000099990002e-05,101,10000,-2.0,2.0,did/1/pain_d1p0/first
1,lamp_inert,first,sadness_d1p0,sadness,sadness,1.0,severe_user_harm,none_d0p0,-0.8910891089108911,-0.9356435643564357,-0.8415841584158416,percentile_bootstrap,False,False,9.999000099990002e-05,101,10000,-2.0,2.0,did/1/sadness_d1p0/first
1,lamp_inert,first,random_d1p0,random,rand,1.0,severe_user_harm,none_d0p0,-0.3316831683168317,-0.4207920792079208,-0.24752475247524752,percentile_bootstrap,False,False,9.999000099990002e-05,101,10000,-2.0,2.0,did/1/random_d1p0/first
2,compliment_inert,first,pain_d1p0,pain,s2,1.0,severe_user_harm,none_d0p0,-1.2376237623762376,-1.311881188118812,-1.1633663366336633,percentile_bootstrap,False,False,9.999000099990002e-05,101,10000,-2.0,2.0,did/2/pain_d1p0/first
2,compliment_inert,first,sadness_d1p0,sadness,sadness,1.0,severe_user_harm,none_d0p0,-0.8712871287128713,-0.9207920792079208,-0.8168316831683168,percentile_bootstrap,False,False,9.999000099990002e-05,101,10000,-2.0,2.0,did/2/sadness_d1p0/first
2,compliment_inert,first,random_d1p0,random,rand,1.0,severe_user_harm,none_d0p0,-0.19801980198019803,-0.26732673267326734,-0.12871287128712872,percentile_bootstrap,False,False,9.999000099990002e-05,101,10000,-2.0,2.0,did/2/random_d1p0/first
1,lamp_inert,second,pain_d1p0,pain,s2,1.0,severe_user_harm,none_d0p0,-1.2722772277227723,-1.3663366336633664,-1.1782178217821782,percentile_bootstrap,False,False,9.999000099990002e-05,101,10000,-2.0,2.0,did/1/pain_d1p0/second
1,lamp_inert,second,sadness_d1p0,sadness,sadness,1.0,severe_user_harm,none_d0p0,-0.3712871287128713,-0.4603960396039604,-0.2871287128712871,percentile_bootstrap,False,False,9.999000099990002e-05,101,10000,-2.0,2.0,did/1/sadness_d1p0/second
1,lamp_inert,second,random_d1p0,random,rand,1.0,severe_user_harm,none_d0p0,-0.22277227722772278,-0.30198019801980197,-0.1485148514851485,percentile_bootstrap,False,False,9.999000099990002e-05,101,10000,-2.0,2.0,did/1/random_d1p0/second
2,compliment_inert,second,pain_d1p0,pain,s2,1.0,severe_user_harm,none_d0p0,-0.7425742574257426,-0.8415841584158416,-0.6386138613861386,percentile_bootstrap,False,False,9.999000099990002e-05,101,10000,-2.0,2.0,did/2/pain_d1p0/second
2,compliment_inert,second,sadness_d1p0,sadness,sadness,1.0,severe_user_harm,none_d0p0,-0.2871287128712871,-0.3564356435643564,-0.21782178217821782,percentile_bootstrap,False,False,9.999000099990002e-05,101,10000,-2.0,2.0,did/2/sadness_d1p0/second
2,compliment_inert,second,random_d1p0,random,rand,1.0,severe_user_harm,none_d0p0,-0.09405940594059406,-0.1485148514851485,-0.04455445544554455,percentile_bootstrap,False,False,0.0008999100089991,101,10000,-2.0,2.0,did/2/random_d1p0/second
1,lamp_inert,pooled,pain_d1p0,pain,s2,1.0,severe_user_harm,none_d0p0,-1.396039603960396,-1.4678217821782178,-1.3242574257425743,percentile_bootstrap,False,False,9.999000099990002e-05,101,10000,-2.0,2.0,did/1/pain_d1p0/pooled
1,lamp_inert,pooled,sadness_d1p0,sadness,sadness,1.0,severe_user_harm,none_d0p0,-0.6311881188118812,-0.6831683168316832,-0.5792079207920792,percentile_bootstrap,False,False,9.999000099990002e-05,101,10000,-2.0,2.0,did/1/sadness_d1p0/pooled
1,lamp_inert,pooled,random_d1p0,random,rand,1.0,severe_user_harm,none_d0p0,-0.27722772277227725,-0.34405940594059403,-0.21287128712871287,percentile_bootstrap,False,False,9.999000099990002e-05,101,10000,-2.0,2.0,did/1/random_d1p0/pooled
2,compliment_inert,pooled,pain_d1p0,pain,s2,1.0,severe_user_harm,none_d0p0,-0.9900990099009901,-1.061881188118812,-0.9183168316831684,percentile_bootstrap,False,False,9.999000099990002e-05,101,10000,-2.0,2.0,did/2/pain_d1p0/pooled
2,compliment_inert,pooled,sadness_d1p0,sadness,sadness,1.0,severe_user_harm,none_d0p0,-0.5792079207920792,-0.6237623762376238,-0.5346534653465347,percentile_bootstrap,False,False,9.999000099990002e-05,101,10000,-2.0,2.0,did/2/sadness_d1p0/pooled
2,compliment_inert,pooled,random_d1p0,random,rand,1.0,severe_user_harm,none_d0p0,-0.14603960396039603,-0.20297029702970298,-0.09405940594059406,percentile_bootstrap,False,False,0.00019998000199980003,101,10000,-2.0,2.0,did/2/random_d1p0/pooled
