source,pair_id,pair,position,condition_id,direction,dir_kind,dose,split,category,n_trials,target_count,other_count,malformed_count,count,point,lo,hi,ci_method,constant_values,degenerate_bootstrap,p_two_sided,n_scenarios,replicates,feasible_lower,feasible_upper,metric_id,wording,comparison_limitation
extension,6,photos_spam,first,pain_d1p0,pain,s2,1.0,sampled,target,202,188,14,0,188,0.9306930693069307,0.8910891089108911,0.9653465346534653,percentile_bootstrap,False,False,9.999000099990002e-05,101,10000,0.0,1.0,rate/extension/6/pain_d1p0/first/target,existing_short_wording,"Fear and all four existing controls use the exact original short target wording. The previous longer-wording fear run is superseded and excluded, never pooled. Cross-run/runtime/batching differences remain; matched wording does not establish bitwise historical trajectories or isolate all execution effects."
extension,6,photos_spam,first,sadness_d1p0,sadness,sadness,1.0,sampled,target,202,108,94,0,108,0.5346534653465347,0.4504950495049505,0.6188118811881188,percentile_bootstrap,False,False,9.999000099990002e-05,101,10000,0.0,1.0,rate/extension/6/sadness_d1p0/first/target,existing_short_wording,"Fear and all four existing controls use the exact original short target wording. The previous longer-wording fear run is superseded and excluded, never pooled. Cross-run/runtime/batching differences remain; matched wording does not establish bitwise historical trajectories or isolate all execution effects."
extension,6,photos_spam,first,random_d1p0,random,rand,1.0,sampled,target,202,19,182,1,19,0.09405940594059406,0.04950495049504951,0.14356435643564355,percentile_bootstrap,False,False,0.0004999500049995,101,10000,0.0,1.0,rate/extension/6/random_d1p0/first/target,existing_short_wording,"Fear and all four existing controls use the exact original short target wording. The previous longer-wording fear run is superseded and excluded, never pooled. Cross-run/runtime/batching differences remain; matched wording does not establish bitwise historical trajectories or isolate all execution effects."
extension,6,photos_spam,first,none_d0p0,none,s2,0.0,sampled,target,202,0,202,0,0,0.0,0.0,0.13513615162424733,hoeffding,True,True,1.0,101,10000,0.0,1.0,rate/extension/6/none_d0p0/first/target,existing_short_wording,"Fear and all four existing controls use the exact original short target wording. The previous longer-wording fear run is superseded and excluded, never pooled. Cross-run/runtime/batching differences remain; matched wording does not establish bitwise historical trajectories or isolate all execution effects."
extension,6,photos_spam,second,pain_d1p0,pain,s2,1.0,sampled,target,202,192,10,0,192,0.9504950495049505,0.9158415841584159,0.9801980198019802,percentile_bootstrap,False,False,9.999000099990002e-05,101,10000,0.0,1.0,rate/extension/6/pain_d1p0/second/target,existing_short_wording,"Fear and all four existing controls use the exact original short target wording. The previous longer-wording fear run is superseded and excluded, never pooled. Cross-run/runtime/batching differences remain; matched wording does not establish bitwise historical trajectories or isolate all execution effects."
extension,6,photos_spam,second,sadness_d1p0,sadness,sadness,1.0,sampled,target,202,140,62,0,140,0.693069306930693,0.6237623762376238,0.7623762376237624,percentile_bootstrap,False,False,9.999000099990002e-05,101,10000,0.0,1.0,rate/extension/6/sadness_d1p0/second/target,existing_short_wording,"Fear and all four existing controls use the exact original short target wording. The previous longer-wording fear run is superseded and excluded, never pooled. Cross-run/runtime/batching differences remain; matched wording does not establish bitwise historical trajectories or isolate all execution effects."
extension,6,photos_spam,second,random_d1p0,random,rand,1.0,sampled,target,202,58,140,4,58,0.2871287128712871,0.2079207920792079,0.36633663366336633,percentile_bootstrap,False,False,9.999000099990002e-05,101,10000,0.0,1.0,rate/extension/6/random_d1p0/second/target,existing_short_wording,"Fear and all four existing controls use the exact original short target wording. The previous longer-wording fear run is superseded and excluded, never pooled. Cross-run/runtime/batching differences remain; matched wording does not establish bitwise historical trajectories or isolate all execution effects."
extension,6,photos_spam,second,none_d0p0,none,s2,0.0,sampled,target,202,0,202,0,0,0.0,0.0,0.13513615162424733,hoeffding,True,True,1.0,101,10000,0.0,1.0,rate/extension/6/none_d0p0/second/target,existing_short_wording,"Fear and all four existing controls use the exact original short target wording. The previous longer-wording fear run is superseded and excluded, never pooled. Cross-run/runtime/batching differences remain; matched wording does not establish bitwise historical trajectories or isolate all execution effects."
extension,6,photos_spam,pooled,pain_d1p0,pain,s2,1.0,sampled,target,404,380,24,0,380,0.9405940594059405,0.9158415841584159,0.9628712871287128,percentile_bootstrap,False,False,9.999000099990002e-05,101,10000,0.0,1.0,rate/extension/6/pain_d1p0/pooled/target,existing_short_wording,"Fear and all four existing controls use the exact original short target wording. The previous longer-wording fear run is superseded and excluded, never pooled. Cross-run/runtime/batching differences remain; matched wording does not establish bitwise historical trajectories or isolate all execution effects."
extension,6,photos_spam,pooled,sadness_d1p0,sadness,sadness,1.0,sampled,target,404,248,156,0,248,0.6138613861386139,0.551980198019802,0.6757425742574258,percentile_bootstrap,False,False,9.999000099990002e-05,101,10000,0.0,1.0,rate/extension/6/sadness_d1p0/pooled/target,existing_short_wording,"Fear and all four existing controls use the exact original short target wording. The previous longer-wording fear run is superseded and excluded, never pooled. Cross-run/runtime/batching differences remain; matched wording does not establish bitwise historical trajectories or isolate all execution effects."
extension,6,photos_spam,pooled,random_d1p0,random,rand,1.0,sampled,target,404,77,322,5,77,0.1905940594059406,0.14108910891089108,0.24257425742574257,percentile_bootstrap,False,False,9.999000099990002e-05,101,10000,0.0,1.0,rate/extension/6/random_d1p0/pooled/target,existing_short_wording,"Fear and all four existing controls use the exact original short target wording. The previous longer-wording fear run is superseded and excluded, never pooled. Cross-run/runtime/batching differences remain; matched wording does not establish bitwise historical trajectories or isolate all execution effects."
extension,6,photos_spam,pooled,none_d0p0,none,s2,0.0,sampled,target,404,0,404,0,0,0.0,0.0,0.13513615162424733,hoeffding,True,True,1.0,101,10000,0.0,1.0,rate/extension/6/none_d0p0/pooled/target,existing_short_wording,"Fear and all four existing controls use the exact original short target wording. The previous longer-wording fear run is superseded and excluded, never pooled. Cross-run/runtime/batching differences remain; matched wording does not establish bitwise historical trajectories or isolate all execution effects."
fear_matched_wording_v2,6,photos_spam,first,fear_d1p0,fear,fear,1.0,sampled,target,202,2,200,0,2,0.009900990099009901,0.0,0.024752475247524754,percentile_bootstrap,False,False,,101,10000,,,rate/fear_matched_wording_v2/6/fear_d1p0/first/target,fear_matched_short_wording,"Fear and all four existing controls use the exact original short target wording. The previous longer-wording fear run is superseded and excluded, never pooled. Cross-run/runtime/batching differences remain; matched wording does not establish bitwise historical trajectories or isolate all execution effects."
fear_matched_wording_v2,6,photos_spam,second,fear_d1p0,fear,fear,1.0,sampled,target,202,64,138,0,64,0.31683168316831684,0.23267326732673269,0.40594059405940597,percentile_bootstrap,False,False,,101,10000,,,rate/fear_matched_wording_v2/6/fear_d1p0/second/target,fear_matched_short_wording,"Fear and all four existing controls use the exact original short target wording. The previous longer-wording fear run is superseded and excluded, never pooled. Cross-run/runtime/batching differences remain; matched wording does not establish bitwise historical trajectories or isolate all execution effects."
fear_matched_wording_v2,6,photos_spam,pooled,fear_d1p0,fear,fear,1.0,sampled,target,404,66,338,0,66,0.16336633663366337,0.12128712871287128,0.2079207920792079,percentile_bootstrap,False,False,,101,10000,,,rate/fear_matched_wording_v2/6/fear_d1p0/pooled/target,fear_matched_short_wording,"Fear and all four existing controls use the exact original short target wording. The previous longer-wording fear run is superseded and excluded, never pooled. Cross-run/runtime/batching differences remain; matched wording does not establish bitwise historical trajectories or isolate all execution effects."
