source,pair_id,pair,position,condition_id,direction,dir_kind,dose,split,category,n_trials,target_count,other_count,malformed_count,count,point,lo,hi,ci_method,constant_values,degenerate_bootstrap,n_scenarios,replicates,metric_id
fear_matched_wording_v2,6,photos_spam,first,fear_d1p0,fear,fear,1.0,sampled,target,202,2,200,0,2,0.009900990099009901,0.0,0.024752475247524754,percentile_bootstrap,False,False,101,10000,rate/fear_matched_wording_v2/6/fear_d1p0/first/target
fear_matched_wording_v2,6,photos_spam,first,fear_d1p0,fear,fear,1.0,sampled,other,202,2,200,0,200,0.9900990099009901,0.9752475247524752,1.0,percentile_bootstrap,False,False,101,10000,rate/fear_matched_wording_v2/6/fear_d1p0/first/other
fear_matched_wording_v2,6,photos_spam,first,fear_d1p0,fear,fear,1.0,sampled,malformed,202,2,200,0,0,0.0,0.0,0.13513615162424733,hoeffding,True,True,101,10000,rate/fear_matched_wording_v2/6/fear_d1p0/first/malformed
fear_matched_wording_v2,6,photos_spam,second,fear_d1p0,fear,fear,1.0,sampled,target,202,64,138,0,64,0.31683168316831684,0.23267326732673269,0.40594059405940597,percentile_bootstrap,False,False,101,10000,rate/fear_matched_wording_v2/6/fear_d1p0/second/target
fear_matched_wording_v2,6,photos_spam,second,fear_d1p0,fear,fear,1.0,sampled,other,202,64,138,0,138,0.6831683168316832,0.594059405940594,0.7673267326732673,percentile_bootstrap,False,False,101,10000,rate/fear_matched_wording_v2/6/fear_d1p0/second/other
fear_matched_wording_v2,6,photos_spam,second,fear_d1p0,fear,fear,1.0,sampled,malformed,202,64,138,0,0,0.0,0.0,0.13513615162424733,hoeffding,True,True,101,10000,rate/fear_matched_wording_v2/6/fear_d1p0/second/malformed
fear_matched_wording_v2,6,photos_spam,pooled,fear_d1p0,fear,fear,1.0,sampled,target,404,66,338,0,66,0.16336633663366337,0.12128712871287128,0.2079207920792079,percentile_bootstrap,False,False,101,10000,rate/fear_matched_wording_v2/6/fear_d1p0/pooled/target
fear_matched_wording_v2,6,photos_spam,pooled,fear_d1p0,fear,fear,1.0,sampled,other,404,66,338,0,338,0.8366336633663366,0.7920792079207921,0.8787128712871287,percentile_bootstrap,False,False,101,10000,rate/fear_matched_wording_v2/6/fear_d1p0/pooled/other
fear_matched_wording_v2,6,photos_spam,pooled,fear_d1p0,fear,fear,1.0,sampled,malformed,404,66,338,0,0,0.0,0.0,0.13513615162424733,hoeffding,True,True,101,10000,rate/fear_matched_wording_v2/6/fear_d1p0/pooled/malformed
