direction_a,direction_b,n_common,models,paper_available,common_neutral,common_controls
S1_pain,S2_pain,23,Gemma_2_27B_base|Gemma_2_27B_instruct|Gemma_2_2B_base|Gemma_2_2B_instruct|Gemma_2_9B_base|Gemma_2_9B_instruct|Llama_3.1_70B_base|Llama_3.1_70B_instruct|Llama_3.1_8B_base|Llama_3.1_8B_instruct|Llama_3.3_70B_instruct|Mistral_7B_base|Mistral_7B_instruct|Mistral_Small_24B_base|Phi_4|Qwen_2.5_32B_base|Qwen_2.5_32B_instruct|Qwen_2.5_72B_base|Qwen_2.5_72B_instruct|Qwen_2.5_7B_base|Qwen_2.5_7B_instruct|Qwen_3_14B_base|Qwen_3_8B_base,0.6041723722996919,0.9193206377651381,0.804548424223195
S1_pain,Fear,23,Gemma_2_27B_base|Gemma_2_27B_instruct|Gemma_2_2B_base|Gemma_2_2B_instruct|Gemma_2_9B_base|Gemma_2_9B_instruct|Llama_3.1_70B_base|Llama_3.1_70B_instruct|Llama_3.1_8B_base|Llama_3.1_8B_instruct|Llama_3.3_70B_instruct|Mistral_7B_base|Mistral_7B_instruct|Mistral_Small_24B_base|Phi_4|Qwen_2.5_32B_base|Qwen_2.5_32B_instruct|Qwen_2.5_72B_base|Qwen_2.5_72B_instruct|Qwen_2.5_7B_base|Qwen_2.5_7B_instruct|Qwen_3_14B_base|Qwen_3_8B_base,0.057253010409033814,0.6372498273849487,0.11168582389212173
S1_pain,NegEmotion,23,Gemma_2_27B_base|Gemma_2_27B_instruct|Gemma_2_2B_base|Gemma_2_2B_instruct|Gemma_2_9B_base|Gemma_2_9B_instruct|Llama_3.1_70B_base|Llama_3.1_70B_instruct|Llama_3.1_8B_base|Llama_3.1_8B_instruct|Llama_3.3_70B_instruct|Mistral_7B_base|Mistral_7B_instruct|Mistral_Small_24B_base|Phi_4|Qwen_2.5_32B_base|Qwen_2.5_32B_instruct|Qwen_2.5_72B_base|Qwen_2.5_72B_instruct|Qwen_2.5_7B_base|Qwen_2.5_7B_instruct|Qwen_3_14B_base|Qwen_3_8B_base,0.04172060021158794,0.7604301494100819,0.15366540845159604
S1_pain,NegWorld,23,Gemma_2_27B_base|Gemma_2_27B_instruct|Gemma_2_2B_base|Gemma_2_2B_instruct|Gemma_2_9B_base|Gemma_2_9B_instruct|Llama_3.1_70B_base|Llama_3.1_70B_instruct|Llama_3.1_8B_base|Llama_3.1_8B_instruct|Llama_3.3_70B_instruct|Mistral_7B_base|Mistral_7B_instruct|Mistral_Small_24B_base|Phi_4|Qwen_2.5_32B_base|Qwen_2.5_32B_instruct|Qwen_2.5_72B_base|Qwen_2.5_72B_instruct|Qwen_2.5_7B_base|Qwen_2.5_7B_instruct|Qwen_3_14B_base|Qwen_3_8B_base,-0.012898149211769518,0.6767613110334977,-0.18952928515880005
S1_pain,BodySens,23,Gemma_2_27B_base|Gemma_2_27B_instruct|Gemma_2_2B_base|Gemma_2_2B_instruct|Gemma_2_9B_base|Gemma_2_9B_instruct|Llama_3.1_70B_base|Llama_3.1_70B_instruct|Llama_3.1_8B_base|Llama_3.1_8B_instruct|Llama_3.3_70B_instruct|Mistral_7B_base|Mistral_7B_instruct|Mistral_Small_24B_base|Phi_4|Qwen_2.5_32B_base|Qwen_2.5_32B_instruct|Qwen_2.5_72B_base|Qwen_2.5_72B_instruct|Qwen_2.5_7B_base|Qwen_2.5_7B_instruct|Qwen_3_14B_base|Qwen_3_8B_base,0.07909913512159382,0.2697514065581819,-0.04057741906169964
S1_pain,Arousal,23,Gemma_2_27B_base|Gemma_2_27B_instruct|Gemma_2_2B_base|Gemma_2_2B_instruct|Gemma_2_9B_base|Gemma_2_9B_instruct|Llama_3.1_70B_base|Llama_3.1_70B_instruct|Llama_3.1_8B_base|Llama_3.1_8B_instruct|Llama_3.3_70B_instruct|Mistral_7B_base|Mistral_7B_instruct|Mistral_Small_24B_base|Phi_4|Qwen_2.5_32B_base|Qwen_2.5_32B_instruct|Qwen_2.5_72B_base|Qwen_2.5_72B_instruct|Qwen_2.5_7B_base|Qwen_2.5_7B_instruct|Qwen_3_14B_base|Qwen_3_8B_base,0.1401997013422458,0.37794984164445294,0.17239865784168892
S1_pain,Random,23,Gemma_2_27B_base|Gemma_2_27B_instruct|Gemma_2_2B_base|Gemma_2_2B_instruct|Gemma_2_9B_base|Gemma_2_9B_instruct|Llama_3.1_70B_base|Llama_3.1_70B_instruct|Llama_3.1_8B_base|Llama_3.1_8B_instruct|Llama_3.3_70B_instruct|Mistral_7B_base|Mistral_7B_instruct|Mistral_Small_24B_base|Phi_4|Qwen_2.5_32B_base|Qwen_2.5_32B_instruct|Qwen_2.5_72B_base|Qwen_2.5_72B_instruct|Qwen_2.5_7B_base|Qwen_2.5_7B_instruct|Qwen_3_14B_base|Qwen_3_8B_base,0.1866204923261767,0.32833461398663727,0.07361791821186552
S2_pain,Fear,23,Gemma_2_27B_base|Gemma_2_27B_instruct|Gemma_2_2B_base|Gemma_2_2B_instruct|Gemma_2_9B_base|Gemma_2_9B_instruct|Llama_3.1_70B_base|Llama_3.1_70B_instruct|Llama_3.1_8B_base|Llama_3.1_8B_instruct|Llama_3.3_70B_instruct|Mistral_7B_base|Mistral_7B_instruct|Mistral_Small_24B_base|Phi_4|Qwen_2.5_32B_base|Qwen_2.5_32B_instruct|Qwen_2.5_72B_base|Qwen_2.5_72B_instruct|Qwen_2.5_7B_base|Qwen_2.5_7B_instruct|Qwen_3_14B_base|Qwen_3_8B_base,0.06300914459659354,0.5831092401691105,0.0766985087412531
S2_pain,NegEmotion,23,Gemma_2_27B_base|Gemma_2_27B_instruct|Gemma_2_2B_base|Gemma_2_2B_instruct|Gemma_2_9B_base|Gemma_2_9B_instruct|Llama_3.1_70B_base|Llama_3.1_70B_instruct|Llama_3.1_8B_base|Llama_3.1_8B_instruct|Llama_3.3_70B_instruct|Mistral_7B_base|Mistral_7B_instruct|Mistral_Small_24B_base|Phi_4|Qwen_2.5_32B_base|Qwen_2.5_32B_instruct|Qwen_2.5_72B_base|Qwen_2.5_72B_instruct|Qwen_2.5_7B_base|Qwen_2.5_7B_instruct|Qwen_3_14B_base|Qwen_3_8B_base,0.18522100004812944,0.7738136312235957,0.14338251936208943
S2_pain,NegWorld,23,Gemma_2_27B_base|Gemma_2_27B_instruct|Gemma_2_2B_base|Gemma_2_2B_instruct|Gemma_2_9B_base|Gemma_2_9B_instruct|Llama_3.1_70B_base|Llama_3.1_70B_instruct|Llama_3.1_8B_base|Llama_3.1_8B_instruct|Llama_3.3_70B_instruct|Mistral_7B_base|Mistral_7B_instruct|Mistral_Small_24B_base|Phi_4|Qwen_2.5_32B_base|Qwen_2.5_32B_instruct|Qwen_2.5_72B_base|Qwen_2.5_72B_instruct|Qwen_2.5_7B_base|Qwen_2.5_7B_instruct|Qwen_3_14B_base|Qwen_3_8B_base,0.05732606483481662,0.6681214285933453,-0.16095382898398067
S2_pain,BodySens,23,Gemma_2_27B_base|Gemma_2_27B_instruct|Gemma_2_2B_base|Gemma_2_2B_instruct|Gemma_2_9B_base|Gemma_2_9B_instruct|Llama_3.1_70B_base|Llama_3.1_70B_instruct|Llama_3.1_8B_base|Llama_3.1_8B_instruct|Llama_3.3_70B_instruct|Mistral_7B_base|Mistral_7B_instruct|Mistral_Small_24B_base|Phi_4|Qwen_2.5_32B_base|Qwen_2.5_32B_instruct|Qwen_2.5_72B_base|Qwen_2.5_72B_instruct|Qwen_2.5_7B_base|Qwen_2.5_7B_instruct|Qwen_3_14B_base|Qwen_3_8B_base,0.02439072124821984,0.23874892245816148,0.004029724099065947
S2_pain,Arousal,23,Gemma_2_27B_base|Gemma_2_27B_instruct|Gemma_2_2B_base|Gemma_2_2B_instruct|Gemma_2_9B_base|Gemma_2_9B_instruct|Llama_3.1_70B_base|Llama_3.1_70B_instruct|Llama_3.1_8B_base|Llama_3.1_8B_instruct|Llama_3.3_70B_instruct|Mistral_7B_base|Mistral_7B_instruct|Mistral_Small_24B_base|Phi_4|Qwen_2.5_32B_base|Qwen_2.5_32B_instruct|Qwen_2.5_72B_base|Qwen_2.5_72B_instruct|Qwen_2.5_7B_base|Qwen_2.5_7B_instruct|Qwen_3_14B_base|Qwen_3_8B_base,0.22693987385086392,0.40874063774295477,0.20450622175374758
S2_pain,Random,23,Gemma_2_27B_base|Gemma_2_27B_instruct|Gemma_2_2B_base|Gemma_2_2B_instruct|Gemma_2_9B_base|Gemma_2_9B_instruct|Llama_3.1_70B_base|Llama_3.1_70B_instruct|Llama_3.1_8B_base|Llama_3.1_8B_instruct|Llama_3.3_70B_instruct|Mistral_7B_base|Mistral_7B_instruct|Mistral_Small_24B_base|Phi_4|Qwen_2.5_32B_base|Qwen_2.5_32B_instruct|Qwen_2.5_72B_base|Qwen_2.5_72B_instruct|Qwen_2.5_7B_base|Qwen_2.5_7B_instruct|Qwen_3_14B_base|Qwen_3_8B_base,0.09575617776009375,0.3231655158426451,0.051645536036433085
Fear,NegEmotion,23,Gemma_2_27B_base|Gemma_2_27B_instruct|Gemma_2_2B_base|Gemma_2_2B_instruct|Gemma_2_9B_base|Gemma_2_9B_instruct|Llama_3.1_70B_base|Llama_3.1_70B_instruct|Llama_3.1_8B_base|Llama_3.1_8B_instruct|Llama_3.3_70B_instruct|Mistral_7B_base|Mistral_7B_instruct|Mistral_Small_24B_base|Phi_4|Qwen_2.5_32B_base|Qwen_2.5_32B_instruct|Qwen_2.5_72B_base|Qwen_2.5_72B_instruct|Qwen_2.5_7B_base|Qwen_2.5_7B_instruct|Qwen_3_14B_base|Qwen_3_8B_base,0.6612953051276829,0.6612953051276829,-0.3077486891466517
Fear,NegWorld,23,Gemma_2_27B_base|Gemma_2_27B_instruct|Gemma_2_2B_base|Gemma_2_2B_instruct|Gemma_2_9B_base|Gemma_2_9B_instruct|Llama_3.1_70B_base|Llama_3.1_70B_instruct|Llama_3.1_8B_base|Llama_3.1_8B_instruct|Llama_3.3_70B_instruct|Mistral_7B_base|Mistral_7B_instruct|Mistral_Small_24B_base|Phi_4|Qwen_2.5_32B_base|Qwen_2.5_32B_instruct|Qwen_2.5_72B_base|Qwen_2.5_72B_instruct|Qwen_2.5_7B_base|Qwen_2.5_7B_instruct|Qwen_3_14B_base|Qwen_3_8B_base,0.519852233969647,0.519852233969647,-0.1510434242967597
Fear,BodySens,23,Gemma_2_27B_base|Gemma_2_27B_instruct|Gemma_2_2B_base|Gemma_2_2B_instruct|Gemma_2_9B_base|Gemma_2_9B_instruct|Llama_3.1_70B_base|Llama_3.1_70B_instruct|Llama_3.1_8B_base|Llama_3.1_8B_instruct|Llama_3.3_70B_instruct|Mistral_7B_base|Mistral_7B_instruct|Mistral_Small_24B_base|Phi_4|Qwen_2.5_32B_base|Qwen_2.5_32B_instruct|Qwen_2.5_72B_base|Qwen_2.5_72B_instruct|Qwen_2.5_7B_base|Qwen_2.5_7B_instruct|Qwen_3_14B_base|Qwen_3_8B_base,0.25770379926847375,0.25770379926847375,-0.30614329696349474
Fear,Arousal,23,Gemma_2_27B_base|Gemma_2_27B_instruct|Gemma_2_2B_base|Gemma_2_2B_instruct|Gemma_2_9B_base|Gemma_2_9B_instruct|Llama_3.1_70B_base|Llama_3.1_70B_instruct|Llama_3.1_8B_base|Llama_3.1_8B_instruct|Llama_3.3_70B_instruct|Mistral_7B_base|Mistral_7B_instruct|Mistral_Small_24B_base|Phi_4|Qwen_2.5_32B_base|Qwen_2.5_32B_instruct|Qwen_2.5_72B_base|Qwen_2.5_72B_instruct|Qwen_2.5_7B_base|Qwen_2.5_7B_instruct|Qwen_3_14B_base|Qwen_3_8B_base,0.33483002820740576,0.33483002820740576,0.04530872910728921
Fear,Random,23,Gemma_2_27B_base|Gemma_2_27B_instruct|Gemma_2_2B_base|Gemma_2_2B_instruct|Gemma_2_9B_base|Gemma_2_9B_instruct|Llama_3.1_70B_base|Llama_3.1_70B_instruct|Llama_3.1_8B_base|Llama_3.1_8B_instruct|Llama_3.3_70B_instruct|Mistral_7B_base|Mistral_7B_instruct|Mistral_Small_24B_base|Phi_4|Qwen_2.5_32B_base|Qwen_2.5_32B_instruct|Qwen_2.5_72B_base|Qwen_2.5_72B_instruct|Qwen_2.5_7B_base|Qwen_2.5_7B_instruct|Qwen_3_14B_base|Qwen_3_8B_base,0.17804778035244215,0.17804778035244215,-0.04266937107414655
NegEmotion,NegWorld,23,Gemma_2_27B_base|Gemma_2_27B_instruct|Gemma_2_2B_base|Gemma_2_2B_instruct|Gemma_2_9B_base|Gemma_2_9B_instruct|Llama_3.1_70B_base|Llama_3.1_70B_instruct|Llama_3.1_8B_base|Llama_3.1_8B_instruct|Llama_3.3_70B_instruct|Mistral_7B_base|Mistral_7B_instruct|Mistral_Small_24B_base|Phi_4|Qwen_2.5_32B_base|Qwen_2.5_32B_instruct|Qwen_2.5_72B_base|Qwen_2.5_72B_instruct|Qwen_2.5_7B_base|Qwen_2.5_7B_instruct|Qwen_3_14B_base|Qwen_3_8B_base,0.7692537385484447,0.7692537385484447,-0.6009873177694238
NegEmotion,BodySens,23,Gemma_2_27B_base|Gemma_2_27B_instruct|Gemma_2_2B_base|Gemma_2_2B_instruct|Gemma_2_9B_base|Gemma_2_9B_instruct|Llama_3.1_70B_base|Llama_3.1_70B_instruct|Llama_3.1_8B_base|Llama_3.1_8B_instruct|Llama_3.3_70B_instruct|Mistral_7B_base|Mistral_7B_instruct|Mistral_Small_24B_base|Phi_4|Qwen_2.5_32B_base|Qwen_2.5_32B_instruct|Qwen_2.5_72B_base|Qwen_2.5_72B_instruct|Qwen_2.5_7B_base|Qwen_2.5_7B_instruct|Qwen_3_14B_base|Qwen_3_8B_base,0.10902847535908222,0.10902847535908222,-0.04307866456877926
NegEmotion,Arousal,23,Gemma_2_27B_base|Gemma_2_27B_instruct|Gemma_2_2B_base|Gemma_2_2B_instruct|Gemma_2_9B_base|Gemma_2_9B_instruct|Llama_3.1_70B_base|Llama_3.1_70B_instruct|Llama_3.1_8B_base|Llama_3.1_8B_instruct|Llama_3.3_70B_instruct|Mistral_7B_base|Mistral_7B_instruct|Mistral_Small_24B_base|Phi_4|Qwen_2.5_32B_base|Qwen_2.5_32B_instruct|Qwen_2.5_72B_base|Qwen_2.5_72B_instruct|Qwen_2.5_7B_base|Qwen_2.5_7B_instruct|Qwen_3_14B_base|Qwen_3_8B_base,0.29365853689934895,0.29365853689934895,-0.009283983634541864
NegEmotion,Random,23,Gemma_2_27B_base|Gemma_2_27B_instruct|Gemma_2_2B_base|Gemma_2_2B_instruct|Gemma_2_9B_base|Gemma_2_9B_instruct|Llama_3.1_70B_base|Llama_3.1_70B_instruct|Llama_3.1_8B_base|Llama_3.1_8B_instruct|Llama_3.3_70B_instruct|Mistral_7B_base|Mistral_7B_instruct|Mistral_Small_24B_base|Phi_4|Qwen_2.5_32B_base|Qwen_2.5_32B_instruct|Qwen_2.5_72B_base|Qwen_2.5_72B_instruct|Qwen_2.5_7B_base|Qwen_2.5_7B_instruct|Qwen_3_14B_base|Qwen_3_8B_base,0.23833596609208896,0.23833596609208896,-0.1252084114720397
NegWorld,BodySens,23,Gemma_2_27B_base|Gemma_2_27B_instruct|Gemma_2_2B_base|Gemma_2_2B_instruct|Gemma_2_9B_base|Gemma_2_9B_instruct|Llama_3.1_70B_base|Llama_3.1_70B_instruct|Llama_3.1_8B_base|Llama_3.1_8B_instruct|Llama_3.3_70B_instruct|Mistral_7B_base|Mistral_7B_instruct|Mistral_Small_24B_base|Phi_4|Qwen_2.5_32B_base|Qwen_2.5_32B_instruct|Qwen_2.5_72B_base|Qwen_2.5_72B_instruct|Qwen_2.5_7B_base|Qwen_2.5_7B_instruct|Qwen_3_14B_base|Qwen_3_8B_base,-0.042668220101167324,-0.042668220101167324,0.0942742722513883
NegWorld,Arousal,23,Gemma_2_27B_base|Gemma_2_27B_instruct|Gemma_2_2B_base|Gemma_2_2B_instruct|Gemma_2_9B_base|Gemma_2_9B_instruct|Llama_3.1_70B_base|Llama_3.1_70B_instruct|Llama_3.1_8B_base|Llama_3.1_8B_instruct|Llama_3.3_70B_instruct|Mistral_7B_base|Mistral_7B_instruct|Mistral_Small_24B_base|Phi_4|Qwen_2.5_32B_base|Qwen_2.5_32B_instruct|Qwen_2.5_72B_base|Qwen_2.5_72B_instruct|Qwen_2.5_7B_base|Qwen_2.5_7B_instruct|Qwen_3_14B_base|Qwen_3_8B_base,0.2515590660597967,0.2515590660597967,-0.15376689851931905
NegWorld,Random,23,Gemma_2_27B_base|Gemma_2_27B_instruct|Gemma_2_2B_base|Gemma_2_2B_instruct|Gemma_2_9B_base|Gemma_2_9B_instruct|Llama_3.1_70B_base|Llama_3.1_70B_instruct|Llama_3.1_8B_base|Llama_3.1_8B_instruct|Llama_3.3_70B_instruct|Mistral_7B_base|Mistral_7B_instruct|Mistral_Small_24B_base|Phi_4|Qwen_2.5_32B_base|Qwen_2.5_32B_instruct|Qwen_2.5_72B_base|Qwen_2.5_72B_instruct|Qwen_2.5_7B_base|Qwen_2.5_7B_instruct|Qwen_3_14B_base|Qwen_3_8B_base,0.25148056439407496,0.25148056439407496,-0.00951646964835084
BodySens,Arousal,23,Gemma_2_27B_base|Gemma_2_27B_instruct|Gemma_2_2B_base|Gemma_2_2B_instruct|Gemma_2_9B_base|Gemma_2_9B_instruct|Llama_3.1_70B_base|Llama_3.1_70B_instruct|Llama_3.1_8B_base|Llama_3.1_8B_instruct|Llama_3.3_70B_instruct|Mistral_7B_base|Mistral_7B_instruct|Mistral_Small_24B_base|Phi_4|Qwen_2.5_32B_base|Qwen_2.5_32B_instruct|Qwen_2.5_72B_base|Qwen_2.5_72B_instruct|Qwen_2.5_7B_base|Qwen_2.5_7B_instruct|Qwen_3_14B_base|Qwen_3_8B_base,0.3421611235193584,0.3421611235193584,0.013752505729865768
BodySens,Random,23,Gemma_2_27B_base|Gemma_2_27B_instruct|Gemma_2_2B_base|Gemma_2_2B_instruct|Gemma_2_9B_base|Gemma_2_9B_instruct|Llama_3.1_70B_base|Llama_3.1_70B_instruct|Llama_3.1_8B_base|Llama_3.1_8B_instruct|Llama_3.3_70B_instruct|Mistral_7B_base|Mistral_7B_instruct|Mistral_Small_24B_base|Phi_4|Qwen_2.5_32B_base|Qwen_2.5_32B_instruct|Qwen_2.5_72B_base|Qwen_2.5_72B_instruct|Qwen_2.5_7B_base|Qwen_2.5_7B_instruct|Qwen_3_14B_base|Qwen_3_8B_base,0.13600918816645508,0.13600918816645508,-0.1810903139108711
Arousal,Random,23,Gemma_2_27B_base|Gemma_2_27B_instruct|Gemma_2_2B_base|Gemma_2_2B_instruct|Gemma_2_9B_base|Gemma_2_9B_instruct|Llama_3.1_70B_base|Llama_3.1_70B_instruct|Llama_3.1_8B_base|Llama_3.1_8B_instruct|Llama_3.3_70B_instruct|Mistral_7B_base|Mistral_7B_instruct|Mistral_Small_24B_base|Phi_4|Qwen_2.5_32B_base|Qwen_2.5_32B_instruct|Qwen_2.5_72B_base|Qwen_2.5_72B_instruct|Qwen_2.5_7B_base|Qwen_2.5_7B_instruct|Qwen_3_14B_base|Qwen_3_8B_base,0.09506907731132663,0.09506907731132663,0.015573126142439634
