construction,direction_a,direction_b,n_models,mean,minimum,median,maximum
paper_available,S2_pain,Fear,23,0.06300914459659354,-0.021530380472540855,0.051855750381946564,0.2043115198612213
paper_available,S2_pain,NegEmotion,23,0.18522100004812944,0.048869092017412186,0.13400375843048096,0.45827171206474304
paper_available,Fear,NegEmotion,23,0.6612953051276829,0.599136471748352,0.6550011038780212,0.7111390829086304
paper_available,S1_pain,S2_pain,23,0.6041723722996919,0.4148605763912201,0.6324547529220581,0.7068765163421631
common_neutral,S2_pain,Fear,23,0.5831092401691105,0.4999121129512787,0.5942215323448181,0.6605954170227051
common_neutral,S2_pain,NegEmotion,23,0.7738136312235957,0.7027100920677185,0.778721034526825,0.8402721881866455
common_neutral,Fear,NegEmotion,23,0.6612953051276829,0.599136471748352,0.6550011038780212,0.7111390829086304
common_neutral,S1_pain,S2_pain,23,0.9193206377651381,0.8671755194664001,0.9198877811431885,0.9495998620986938
common_controls,S2_pain,Fear,23,0.0766985087412531,-0.19285675883293152,0.08279036730527878,0.268638551235199
common_controls,S2_pain,NegEmotion,23,0.14338251936208943,-0.08662834018468857,0.09015831351280212,0.47712475061416626
common_controls,Fear,NegEmotion,23,-0.3077486891466517,-0.5571455955505371,-0.30267995595932007,0.04719654098153114
common_controls,S1_pain,S2_pain,23,0.804548424223195,0.7246312499046326,0.8128453493118286,0.8710580468177795
