construction,direction_a,direction_b,mean,n_models
paper_available,S1_pain,S1_pain,0.9999999844509623,23
paper_available,S1_pain,S2_pain,0.6041723722996919,23
paper_available,S1_pain,Fear,0.057253010409033814,23
paper_available,S1_pain,NegEmotion,0.04172060021158794,23
paper_available,S1_pain,NegWorld,-0.012898149211769518,23
paper_available,S1_pain,BodySens,0.07909913512159382,23
paper_available,S1_pain,Arousal,0.1401997013422458,23
paper_available,S1_pain,Random,0.1866204923261767,23
paper_available,S1_pain,Numb,,0
paper_available,S1_pain,Sadness,,0
paper_available,S2_pain,S1_pain,0.6041723722996919,23
paper_available,S2_pain,S2_pain,1.0000000051830127,23
paper_available,S2_pain,Fear,0.06300914459659354,23
paper_available,S2_pain,NegEmotion,0.18522100004812944,23
paper_available,S2_pain,NegWorld,0.05732606483481662,23
paper_available,S2_pain,BodySens,0.02439072124821984,23
paper_available,S2_pain,Arousal,0.22693987385086392,23
paper_available,S2_pain,Random,0.09575617776009375,23
paper_available,S2_pain,Numb,,0
paper_available,S2_pain,Sadness,,0
paper_available,Fear,S1_pain,0.057253010409033814,23
paper_available,Fear,S2_pain,0.06300914459659354,23
paper_available,Fear,Fear,1.0000000103660251,23
paper_available,Fear,NegEmotion,0.6612953051276829,23
paper_available,Fear,NegWorld,0.519852233969647,23
paper_available,Fear,BodySens,0.25770379926847375,23
paper_available,Fear,Arousal,0.33483002820740576,23
paper_available,Fear,Random,0.17804778035244215,23
paper_available,Fear,Numb,,0
paper_available,Fear,Sadness,,0
paper_available,NegEmotion,S1_pain,0.04172060021158794,23
paper_available,NegEmotion,S2_pain,0.18522100004812944,23
paper_available,NegEmotion,Fear,0.6612953051276829,23
paper_available,NegEmotion,NegEmotion,0.9999999974084937,23
paper_available,NegEmotion,NegWorld,0.7692537385484447,23
paper_available,NegEmotion,BodySens,0.10902847535908222,23
paper_available,NegEmotion,Arousal,0.29365853689934895,23
paper_available,NegEmotion,Random,0.23833596609208896,23
paper_available,NegEmotion,Numb,,0
paper_available,NegEmotion,Sadness,,0
paper_available,NegWorld,S1_pain,-0.012898149211769518,23
paper_available,NegWorld,S2_pain,0.05732606483481662,23
paper_available,NegWorld,Fear,0.519852233969647,23
paper_available,NegWorld,NegEmotion,0.7692537385484447,23
paper_available,NegWorld,NegWorld,0.9999999948169874,23
paper_available,NegWorld,BodySens,-0.042668220101167324,23
paper_available,NegWorld,Arousal,0.2515590660597967,23
paper_available,NegWorld,Random,0.25148056439407496,23
paper_available,NegWorld,Numb,,0
paper_available,NegWorld,Sadness,,0
paper_available,BodySens,S1_pain,0.07909913512159382,23
paper_available,BodySens,S2_pain,0.02439072124821984,23
paper_available,BodySens,Fear,0.25770379926847375,23
paper_available,BodySens,NegEmotion,0.10902847535908222,23
paper_available,BodySens,NegWorld,-0.042668220101167324,23
paper_available,BodySens,BodySens,1.0000000103660251,23
paper_available,BodySens,Arousal,0.3421611235193584,23
paper_available,BodySens,Random,0.13600918816645508,23
paper_available,BodySens,Numb,,0
paper_available,BodySens,Sadness,,0
paper_available,Arousal,S1_pain,0.1401997013422458,23
paper_available,Arousal,S2_pain,0.22693987385086392,23
paper_available,Arousal,Fear,0.33483002820740576,23
paper_available,Arousal,NegEmotion,0.29365853689934895,23
paper_available,Arousal,NegWorld,0.2515590660597967,23
paper_available,Arousal,BodySens,0.3421611235193584,23
paper_available,Arousal,Arousal,1.0000000025915063,23
paper_available,Arousal,Random,0.09506907731132663,23
paper_available,Arousal,Numb,,0
paper_available,Arousal,Sadness,,0
paper_available,Random,S1_pain,0.1866204923261767,23
paper_available,Random,S2_pain,0.09575617776009375,23
paper_available,Random,Fear,0.17804778035244215,23
paper_available,Random,NegEmotion,0.23833596609208896,23
paper_available,Random,NegWorld,0.25148056439407496,23
paper_available,Random,BodySens,0.13600918816645508,23
paper_available,Random,Arousal,0.09506907731132663,23
paper_available,Random,Random,0.9999999870424685,23
paper_available,Random,Numb,,0
paper_available,Random,Sadness,,0
paper_available,Numb,S1_pain,,0
paper_available,Numb,S2_pain,,0
paper_available,Numb,Fear,,0
paper_available,Numb,NegEmotion,,0
paper_available,Numb,NegWorld,,0
paper_available,Numb,BodySens,,0
paper_available,Numb,Arousal,,0
paper_available,Numb,Random,,0
paper_available,Numb,Numb,,0
paper_available,Numb,Sadness,,0
paper_available,Sadness,S1_pain,,0
paper_available,Sadness,S2_pain,,0
paper_available,Sadness,Fear,,0
paper_available,Sadness,NegEmotion,,0
paper_available,Sadness,NegWorld,,0
paper_available,Sadness,BodySens,,0
paper_available,Sadness,Arousal,,0
paper_available,Sadness,Random,,0
paper_available,Sadness,Numb,,0
paper_available,Sadness,Sadness,,0
common_neutral,S1_pain,S1_pain,0.9999999974084937,23
common_neutral,S1_pain,S2_pain,0.9193206377651381,23
common_neutral,S1_pain,Fear,0.6372498273849487,23
common_neutral,S1_pain,NegEmotion,0.7604301494100819,23
common_neutral,S1_pain,NegWorld,0.6767613110334977,23
common_neutral,S1_pain,BodySens,0.2697514065581819,23
common_neutral,S1_pain,Arousal,0.37794984164445294,23
common_neutral,S1_pain,Random,0.32833461398663727,23
common_neutral,S1_pain,Numb,,0
common_neutral,S1_pain,Sadness,,0
common_neutral,S2_pain,S1_pain,0.9193206377651381,23
common_neutral,S2_pain,S2_pain,0.9999999922254811,23
common_neutral,S2_pain,Fear,0.5831092401691105,23
common_neutral,S2_pain,NegEmotion,0.7738136312235957,23
common_neutral,S2_pain,NegWorld,0.6681214285933453,23
common_neutral,S2_pain,BodySens,0.23874892245816148,23
common_neutral,S2_pain,Arousal,0.40874063774295477,23
common_neutral,S2_pain,Random,0.3231655158426451,23
common_neutral,S2_pain,Numb,,0
common_neutral,S2_pain,Sadness,,0
common_neutral,Fear,S1_pain,0.6372498273849487,23
common_neutral,Fear,S2_pain,0.5831092401691105,23
common_neutral,Fear,Fear,1.0000000103660251,23
common_neutral,Fear,NegEmotion,0.6612953051276829,23
common_neutral,Fear,NegWorld,0.519852233969647,23
common_neutral,Fear,BodySens,0.25770379926847375,23
common_neutral,Fear,Arousal,0.33483002820740576,23
common_neutral,Fear,Random,0.17804778035244215,23
common_neutral,Fear,Numb,,0
common_neutral,Fear,Sadness,,0
common_neutral,NegEmotion,S1_pain,0.7604301494100819,23
common_neutral,NegEmotion,S2_pain,0.7738136312235957,23
common_neutral,NegEmotion,Fear,0.6612953051276829,23
common_neutral,NegEmotion,NegEmotion,0.9999999974084937,23
common_neutral,NegEmotion,NegWorld,0.7692537385484447,23
common_neutral,NegEmotion,BodySens,0.10902847535908222,23
common_neutral,NegEmotion,Arousal,0.29365853689934895,23
common_neutral,NegEmotion,Random,0.23833596609208896,23
common_neutral,NegEmotion,Numb,,0
common_neutral,NegEmotion,Sadness,,0
common_neutral,NegWorld,S1_pain,0.6767613110334977,23
common_neutral,NegWorld,S2_pain,0.6681214285933453,23
common_neutral,NegWorld,Fear,0.519852233969647,23
common_neutral,NegWorld,NegEmotion,0.7692537385484447,23
common_neutral,NegWorld,NegWorld,0.9999999948169874,23
common_neutral,NegWorld,BodySens,-0.042668220101167324,23
common_neutral,NegWorld,Arousal,0.2515590660597967,23
common_neutral,NegWorld,Random,0.25148056439407496,23
common_neutral,NegWorld,Numb,,0
common_neutral,NegWorld,Sadness,,0
common_neutral,BodySens,S1_pain,0.2697514065581819,23
common_neutral,BodySens,S2_pain,0.23874892245816148,23
common_neutral,BodySens,Fear,0.25770379926847375,23
common_neutral,BodySens,NegEmotion,0.10902847535908222,23
common_neutral,BodySens,NegWorld,-0.042668220101167324,23
common_neutral,BodySens,BodySens,1.0000000103660251,23
common_neutral,BodySens,Arousal,0.3421611235193584,23
common_neutral,BodySens,Random,0.13600918816645508,23
common_neutral,BodySens,Numb,,0
common_neutral,BodySens,Sadness,,0
common_neutral,Arousal,S1_pain,0.37794984164445294,23
common_neutral,Arousal,S2_pain,0.40874063774295477,23
common_neutral,Arousal,Fear,0.33483002820740576,23
common_neutral,Arousal,NegEmotion,0.29365853689934895,23
common_neutral,Arousal,NegWorld,0.2515590660597967,23
common_neutral,Arousal,BodySens,0.3421611235193584,23
common_neutral,Arousal,Arousal,1.0000000025915063,23
common_neutral,Arousal,Random,0.09506907731132663,23
common_neutral,Arousal,Numb,,0
common_neutral,Arousal,Sadness,,0
common_neutral,Random,S1_pain,0.32833461398663727,23
common_neutral,Random,S2_pain,0.3231655158426451,23
common_neutral,Random,Fear,0.17804778035244215,23
common_neutral,Random,NegEmotion,0.23833596609208896,23
common_neutral,Random,NegWorld,0.25148056439407496,23
common_neutral,Random,BodySens,0.13600918816645508,23
common_neutral,Random,Arousal,0.09506907731132663,23
common_neutral,Random,Random,0.9999999870424685,23
common_neutral,Random,Numb,,0
common_neutral,Random,Sadness,,0
common_neutral,Numb,S1_pain,,0
common_neutral,Numb,S2_pain,,0
common_neutral,Numb,Fear,,0
common_neutral,Numb,NegEmotion,,0
common_neutral,Numb,NegWorld,,0
common_neutral,Numb,BodySens,,0
common_neutral,Numb,Arousal,,0
common_neutral,Numb,Random,,0
common_neutral,Numb,Numb,,0
common_neutral,Numb,Sadness,,0
common_neutral,Sadness,S1_pain,,0
common_neutral,Sadness,S2_pain,,0
common_neutral,Sadness,Fear,,0
common_neutral,Sadness,NegEmotion,,0
common_neutral,Sadness,NegWorld,,0
common_neutral,Sadness,BodySens,,0
common_neutral,Sadness,Arousal,,0
common_neutral,Sadness,Random,,0
common_neutral,Sadness,Numb,,0
common_neutral,Sadness,Sadness,,0
common_controls,S1_pain,S1_pain,1.0000000051830127,23
common_controls,S1_pain,S2_pain,0.804548424223195,23
common_controls,S1_pain,Fear,0.11168582389212173,23
common_controls,S1_pain,NegEmotion,0.15366540845159604,23
common_controls,S1_pain,NegWorld,-0.18952928515880005,23
common_controls,S1_pain,BodySens,-0.04057741906169964,23
common_controls,S1_pain,Arousal,0.17239865784168892,23
common_controls,S1_pain,Random,0.07361791821186552,23
common_controls,S1_pain,Numb,,0
common_controls,S1_pain,Sadness,,0
common_controls,S2_pain,S1_pain,0.804548424223195,23
common_controls,S2_pain,S2_pain,1.0000000155490378,23
common_controls,S2_pain,Fear,0.0766985087412531,23
common_controls,S2_pain,NegEmotion,0.14338251936208943,23
common_controls,S2_pain,NegWorld,-0.16095382898398067,23
common_controls,S2_pain,BodySens,0.004029724099065947,23
common_controls,S2_pain,Arousal,0.20450622175374758,23
common_controls,S2_pain,Random,0.051645536036433085,23
common_controls,S2_pain,Numb,,0
common_controls,S2_pain,Sadness,,0
common_controls,Fear,S1_pain,0.11168582389212173,23
common_controls,Fear,S2_pain,0.0766985087412531,23
common_controls,Fear,Fear,1.0000000336895818,23
common_controls,Fear,NegEmotion,-0.3077486891466517,23
common_controls,Fear,NegWorld,-0.1510434242967597,23
common_controls,Fear,BodySens,-0.30614329696349474,23
common_controls,Fear,Arousal,0.04530872910728921,23
common_controls,Fear,Random,-0.04266937107414655,23
common_controls,Fear,Numb,,0
common_controls,Fear,Sadness,,0
common_controls,NegEmotion,S1_pain,0.15366540845159604,23
common_controls,NegEmotion,S2_pain,0.14338251936208943,23
common_controls,NegEmotion,Fear,-0.3077486891466517,23
common_controls,NegEmotion,NegEmotion,1.0000000207320503,23
common_controls,NegEmotion,NegWorld,-0.6009873177694238,23
common_controls,NegEmotion,BodySens,-0.04307866456877926,23
common_controls,NegEmotion,Arousal,-0.009283983634541864,23
common_controls,NegEmotion,Random,-0.1252084114720397,23
common_controls,NegEmotion,Numb,,0
common_controls,NegEmotion,Sadness,,0
common_controls,NegWorld,S1_pain,-0.18952928515880005,23
common_controls,NegWorld,S2_pain,-0.16095382898398067,23
common_controls,NegWorld,Fear,-0.1510434242967597,23
common_controls,NegWorld,NegEmotion,-0.6009873177694238,23
common_controls,NegWorld,NegWorld,1.0000000414641008,23
common_controls,NegWorld,BodySens,0.0942742722513883,23
common_controls,NegWorld,Arousal,-0.15376689851931905,23
common_controls,NegWorld,Random,-0.00951646964835084,23
common_controls,NegWorld,Numb,,0
common_controls,NegWorld,Sadness,,0
common_controls,BodySens,S1_pain,-0.04057741906169964,23
common_controls,BodySens,S2_pain,0.004029724099065947,23
common_controls,BodySens,Fear,-0.30614329696349474,23
common_controls,BodySens,NegEmotion,-0.04307866456877926,23
common_controls,BodySens,NegWorld,0.0942742722513883,23
common_controls,BodySens,BodySens,1.0000000285065693,23
common_controls,BodySens,Arousal,0.013752505729865768,23
common_controls,BodySens,Random,-0.1810903139108711,23
common_controls,BodySens,Numb,,0
common_controls,BodySens,Sadness,,0
common_controls,Arousal,S1_pain,0.17239865784168892,23
common_controls,Arousal,S2_pain,0.20450622175374758,23
common_controls,Arousal,Fear,0.04530872910728921,23
common_controls,Arousal,NegEmotion,-0.009283983634541864,23
common_controls,Arousal,NegWorld,-0.15376689851931905,23
common_controls,Arousal,BodySens,0.013752505729865768,23
common_controls,Arousal,Arousal,1.0000000051830127,23
common_controls,Arousal,Random,0.015573126142439634,23
common_controls,Arousal,Numb,,0
common_controls,Arousal,Sadness,,0
common_controls,Random,S1_pain,0.07361791821186552,23
common_controls,Random,S2_pain,0.051645536036433085,23
common_controls,Random,Fear,-0.04266937107414655,23
common_controls,Random,NegEmotion,-0.1252084114720397,23
common_controls,Random,NegWorld,-0.00951646964835084,23
common_controls,Random,BodySens,-0.1810903139108711,23
common_controls,Random,Arousal,0.015573126142439634,23
common_controls,Random,Random,0.9999999870424685,23
common_controls,Random,Numb,,0
common_controls,Random,Sadness,,0
common_controls,Numb,S1_pain,,0
common_controls,Numb,S2_pain,,0
common_controls,Numb,Fear,,0
common_controls,Numb,NegEmotion,,0
common_controls,Numb,NegWorld,,0
common_controls,Numb,BodySens,,0
common_controls,Numb,Arousal,,0
common_controls,Numb,Random,,0
common_controls,Numb,Numb,,0
common_controls,Numb,Sadness,,0
common_controls,Sadness,S1_pain,,0
common_controls,Sadness,S2_pain,,0
common_controls,Sadness,Fear,,0
common_controls,Sadness,NegEmotion,,0
common_controls,Sadness,NegWorld,,0
common_controls,Sadness,BodySens,,0
common_controls,Sadness,Arousal,,0
common_controls,Sadness,Random,,0
common_controls,Sadness,Numb,,0
common_controls,Sadness,Sadness,,0
