direction_a,direction_b,n_models,observed,reference,delta,flag_gt_003,involves_neutral_pool,models
S1_pain,S2_pain,23,0.6041723722996919,0.6041695652173913,2.8070823006043355e-06,False,False,Gemma_2_27B_base|Gemma_2_27B_instruct|Gemma_2_2B_base|Gemma_2_2B_instruct|Gemma_2_9B_base|Gemma_2_9B_instruct|Llama_3.1_70B_base|Llama_3.1_70B_instruct|Llama_3.1_8B_base|Llama_3.1_8B_instruct|Llama_3.3_70B_instruct|Mistral_7B_base|Mistral_7B_instruct|Mistral_Small_24B_base|Phi_4|Qwen_2.5_32B_base|Qwen_2.5_32B_instruct|Qwen_2.5_72B_base|Qwen_2.5_72B_instruct|Qwen_2.5_7B_base|Qwen_2.5_7B_instruct|Qwen_3_14B_base|Qwen_3_8B_base
S1_pain,Fear,23,0.057253010409033814,0.07686521739130436,-0.01961220698227055,False,True,Gemma_2_27B_base|Gemma_2_27B_instruct|Gemma_2_2B_base|Gemma_2_2B_instruct|Gemma_2_9B_base|Gemma_2_9B_instruct|Llama_3.1_70B_base|Llama_3.1_70B_instruct|Llama_3.1_8B_base|Llama_3.1_8B_instruct|Llama_3.3_70B_instruct|Mistral_7B_base|Mistral_7B_instruct|Mistral_Small_24B_base|Phi_4|Qwen_2.5_32B_base|Qwen_2.5_32B_instruct|Qwen_2.5_72B_base|Qwen_2.5_72B_instruct|Qwen_2.5_7B_base|Qwen_2.5_7B_instruct|Qwen_3_14B_base|Qwen_3_8B_base
S1_pain,NegEmotion,23,0.04172060021158794,0.048843478260869565,-0.0071228780492816265,False,True,Gemma_2_27B_base|Gemma_2_27B_instruct|Gemma_2_2B_base|Gemma_2_2B_instruct|Gemma_2_9B_base|Gemma_2_9B_instruct|Llama_3.1_70B_base|Llama_3.1_70B_instruct|Llama_3.1_8B_base|Llama_3.1_8B_instruct|Llama_3.3_70B_instruct|Mistral_7B_base|Mistral_7B_instruct|Mistral_Small_24B_base|Phi_4|Qwen_2.5_32B_base|Qwen_2.5_32B_instruct|Qwen_2.5_72B_base|Qwen_2.5_72B_instruct|Qwen_2.5_7B_base|Qwen_2.5_7B_instruct|Qwen_3_14B_base|Qwen_3_8B_base
S1_pain,NegWorld,23,-0.012898149211769518,-0.07491304347826086,0.062014894266491344,True,True,Gemma_2_27B_base|Gemma_2_27B_instruct|Gemma_2_2B_base|Gemma_2_2B_instruct|Gemma_2_9B_base|Gemma_2_9B_instruct|Llama_3.1_70B_base|Llama_3.1_70B_instruct|Llama_3.1_8B_base|Llama_3.1_8B_instruct|Llama_3.3_70B_instruct|Mistral_7B_base|Mistral_7B_instruct|Mistral_Small_24B_base|Phi_4|Qwen_2.5_32B_base|Qwen_2.5_32B_instruct|Qwen_2.5_72B_base|Qwen_2.5_72B_instruct|Qwen_2.5_7B_base|Qwen_2.5_7B_instruct|Qwen_3_14B_base|Qwen_3_8B_base
S1_pain,BodySens,23,0.07909913512159382,0.09513478260869565,-0.01603564748710183,False,True,Gemma_2_27B_base|Gemma_2_27B_instruct|Gemma_2_2B_base|Gemma_2_2B_instruct|Gemma_2_9B_base|Gemma_2_9B_instruct|Llama_3.1_70B_base|Llama_3.1_70B_instruct|Llama_3.1_8B_base|Llama_3.1_8B_instruct|Llama_3.3_70B_instruct|Mistral_7B_base|Mistral_7B_instruct|Mistral_Small_24B_base|Phi_4|Qwen_2.5_32B_base|Qwen_2.5_32B_instruct|Qwen_2.5_72B_base|Qwen_2.5_72B_instruct|Qwen_2.5_7B_base|Qwen_2.5_7B_instruct|Qwen_3_14B_base|Qwen_3_8B_base
S1_pain,Arousal,23,0.1401997013422458,0.09731304347826086,0.042886657863984934,True,True,Gemma_2_27B_base|Gemma_2_27B_instruct|Gemma_2_2B_base|Gemma_2_2B_instruct|Gemma_2_9B_base|Gemma_2_9B_instruct|Llama_3.1_70B_base|Llama_3.1_70B_instruct|Llama_3.1_8B_base|Llama_3.1_8B_instruct|Llama_3.3_70B_instruct|Mistral_7B_base|Mistral_7B_instruct|Mistral_Small_24B_base|Phi_4|Qwen_2.5_32B_base|Qwen_2.5_32B_instruct|Qwen_2.5_72B_base|Qwen_2.5_72B_instruct|Qwen_2.5_7B_base|Qwen_2.5_7B_instruct|Qwen_3_14B_base|Qwen_3_8B_base
S1_pain,Random,23,0.1866204923261767,0.03849130434782609,0.14812918797835062,True,True,Gemma_2_27B_base|Gemma_2_27B_instruct|Gemma_2_2B_base|Gemma_2_2B_instruct|Gemma_2_9B_base|Gemma_2_9B_instruct|Llama_3.1_70B_base|Llama_3.1_70B_instruct|Llama_3.1_8B_base|Llama_3.1_8B_instruct|Llama_3.3_70B_instruct|Mistral_7B_base|Mistral_7B_instruct|Mistral_Small_24B_base|Phi_4|Qwen_2.5_32B_base|Qwen_2.5_32B_instruct|Qwen_2.5_72B_base|Qwen_2.5_72B_instruct|Qwen_2.5_7B_base|Qwen_2.5_7B_instruct|Qwen_3_14B_base|Qwen_3_8B_base
S2_pain,Fear,23,0.06300914459659354,0.12468260869565215,-0.061673464099058606,True,True,Gemma_2_27B_base|Gemma_2_27B_instruct|Gemma_2_2B_base|Gemma_2_2B_instruct|Gemma_2_9B_base|Gemma_2_9B_instruct|Llama_3.1_70B_base|Llama_3.1_70B_instruct|Llama_3.1_8B_base|Llama_3.1_8B_instruct|Llama_3.3_70B_instruct|Mistral_7B_base|Mistral_7B_instruct|Mistral_Small_24B_base|Phi_4|Qwen_2.5_32B_base|Qwen_2.5_32B_instruct|Qwen_2.5_72B_base|Qwen_2.5_72B_instruct|Qwen_2.5_7B_base|Qwen_2.5_7B_instruct|Qwen_3_14B_base|Qwen_3_8B_base
S2_pain,NegEmotion,23,0.18522100004812944,0.20600869565217386,-0.02078769560404442,False,True,Gemma_2_27B_base|Gemma_2_27B_instruct|Gemma_2_2B_base|Gemma_2_2B_instruct|Gemma_2_9B_base|Gemma_2_9B_instruct|Llama_3.1_70B_base|Llama_3.1_70B_instruct|Llama_3.1_8B_base|Llama_3.1_8B_instruct|Llama_3.3_70B_instruct|Mistral_7B_base|Mistral_7B_instruct|Mistral_Small_24B_base|Phi_4|Qwen_2.5_32B_base|Qwen_2.5_32B_instruct|Qwen_2.5_72B_base|Qwen_2.5_72B_instruct|Qwen_2.5_7B_base|Qwen_2.5_7B_instruct|Qwen_3_14B_base|Qwen_3_8B_base
S2_pain,NegWorld,23,0.05732606483481662,0.023156521739130433,0.03416954309568619,True,True,Gemma_2_27B_base|Gemma_2_27B_instruct|Gemma_2_2B_base|Gemma_2_2B_instruct|Gemma_2_9B_base|Gemma_2_9B_instruct|Llama_3.1_70B_base|Llama_3.1_70B_instruct|Llama_3.1_8B_base|Llama_3.1_8B_instruct|Llama_3.3_70B_instruct|Mistral_7B_base|Mistral_7B_instruct|Mistral_Small_24B_base|Phi_4|Qwen_2.5_32B_base|Qwen_2.5_32B_instruct|Qwen_2.5_72B_base|Qwen_2.5_72B_instruct|Qwen_2.5_7B_base|Qwen_2.5_7B_instruct|Qwen_3_14B_base|Qwen_3_8B_base
S2_pain,BodySens,23,0.02439072124821984,0.023360869565217386,0.001029851683002455,False,True,Gemma_2_27B_base|Gemma_2_27B_instruct|Gemma_2_2B_base|Gemma_2_2B_instruct|Gemma_2_9B_base|Gemma_2_9B_instruct|Llama_3.1_70B_base|Llama_3.1_70B_instruct|Llama_3.1_8B_base|Llama_3.1_8B_instruct|Llama_3.3_70B_instruct|Mistral_7B_base|Mistral_7B_instruct|Mistral_Small_24B_base|Phi_4|Qwen_2.5_32B_base|Qwen_2.5_32B_instruct|Qwen_2.5_72B_base|Qwen_2.5_72B_instruct|Qwen_2.5_7B_base|Qwen_2.5_7B_instruct|Qwen_3_14B_base|Qwen_3_8B_base
S2_pain,Arousal,23,0.22693987385086392,0.20550434782608692,0.021435526024776996,False,True,Gemma_2_27B_base|Gemma_2_27B_instruct|Gemma_2_2B_base|Gemma_2_2B_instruct|Gemma_2_9B_base|Gemma_2_9B_instruct|Llama_3.1_70B_base|Llama_3.1_70B_instruct|Llama_3.1_8B_base|Llama_3.1_8B_instruct|Llama_3.3_70B_instruct|Mistral_7B_base|Mistral_7B_instruct|Mistral_Small_24B_base|Phi_4|Qwen_2.5_32B_base|Qwen_2.5_32B_instruct|Qwen_2.5_72B_base|Qwen_2.5_72B_instruct|Qwen_2.5_7B_base|Qwen_2.5_7B_instruct|Qwen_3_14B_base|Qwen_3_8B_base
S2_pain,Random,23,0.09575617776009375,-0.0031608695652173913,0.09891704732531115,True,True,Gemma_2_27B_base|Gemma_2_27B_instruct|Gemma_2_2B_base|Gemma_2_2B_instruct|Gemma_2_9B_base|Gemma_2_9B_instruct|Llama_3.1_70B_base|Llama_3.1_70B_instruct|Llama_3.1_8B_base|Llama_3.1_8B_instruct|Llama_3.3_70B_instruct|Mistral_7B_base|Mistral_7B_instruct|Mistral_Small_24B_base|Phi_4|Qwen_2.5_32B_base|Qwen_2.5_32B_instruct|Qwen_2.5_72B_base|Qwen_2.5_72B_instruct|Qwen_2.5_7B_base|Qwen_2.5_7B_instruct|Qwen_3_14B_base|Qwen_3_8B_base
Fear,NegEmotion,23,0.6612953051276829,0.6800608695652174,-0.01876556443753452,False,True,Gemma_2_27B_base|Gemma_2_27B_instruct|Gemma_2_2B_base|Gemma_2_2B_instruct|Gemma_2_9B_base|Gemma_2_9B_instruct|Llama_3.1_70B_base|Llama_3.1_70B_instruct|Llama_3.1_8B_base|Llama_3.1_8B_instruct|Llama_3.3_70B_instruct|Mistral_7B_base|Mistral_7B_instruct|Mistral_Small_24B_base|Phi_4|Qwen_2.5_32B_base|Qwen_2.5_32B_instruct|Qwen_2.5_72B_base|Qwen_2.5_72B_instruct|Qwen_2.5_7B_base|Qwen_2.5_7B_instruct|Qwen_3_14B_base|Qwen_3_8B_base
Fear,NegWorld,23,0.519852233969647,0.5913999999999998,-0.07154776603035284,True,True,Gemma_2_27B_base|Gemma_2_27B_instruct|Gemma_2_2B_base|Gemma_2_2B_instruct|Gemma_2_9B_base|Gemma_2_9B_instruct|Llama_3.1_70B_base|Llama_3.1_70B_instruct|Llama_3.1_8B_base|Llama_3.1_8B_instruct|Llama_3.3_70B_instruct|Mistral_7B_base|Mistral_7B_instruct|Mistral_Small_24B_base|Phi_4|Qwen_2.5_32B_base|Qwen_2.5_32B_instruct|Qwen_2.5_72B_base|Qwen_2.5_72B_instruct|Qwen_2.5_7B_base|Qwen_2.5_7B_instruct|Qwen_3_14B_base|Qwen_3_8B_base
Fear,BodySens,23,0.25770379926847375,0.18465652173913047,0.07304727752934329,True,True,Gemma_2_27B_base|Gemma_2_27B_instruct|Gemma_2_2B_base|Gemma_2_2B_instruct|Gemma_2_9B_base|Gemma_2_9B_instruct|Llama_3.1_70B_base|Llama_3.1_70B_instruct|Llama_3.1_8B_base|Llama_3.1_8B_instruct|Llama_3.3_70B_instruct|Mistral_7B_base|Mistral_7B_instruct|Mistral_Small_24B_base|Phi_4|Qwen_2.5_32B_base|Qwen_2.5_32B_instruct|Qwen_2.5_72B_base|Qwen_2.5_72B_instruct|Qwen_2.5_7B_base|Qwen_2.5_7B_instruct|Qwen_3_14B_base|Qwen_3_8B_base
Fear,Arousal,23,0.33483002820740576,0.3416913043478261,-0.006861276140420314,False,True,Gemma_2_27B_base|Gemma_2_27B_instruct|Gemma_2_2B_base|Gemma_2_2B_instruct|Gemma_2_9B_base|Gemma_2_9B_instruct|Llama_3.1_70B_base|Llama_3.1_70B_instruct|Llama_3.1_8B_base|Llama_3.1_8B_instruct|Llama_3.3_70B_instruct|Mistral_7B_base|Mistral_7B_instruct|Mistral_Small_24B_base|Phi_4|Qwen_2.5_32B_base|Qwen_2.5_32B_instruct|Qwen_2.5_72B_base|Qwen_2.5_72B_instruct|Qwen_2.5_7B_base|Qwen_2.5_7B_instruct|Qwen_3_14B_base|Qwen_3_8B_base
Fear,Random,23,0.17804778035244215,0.22043043478260868,-0.04238265443016653,True,True,Gemma_2_27B_base|Gemma_2_27B_instruct|Gemma_2_2B_base|Gemma_2_2B_instruct|Gemma_2_9B_base|Gemma_2_9B_instruct|Llama_3.1_70B_base|Llama_3.1_70B_instruct|Llama_3.1_8B_base|Llama_3.1_8B_instruct|Llama_3.3_70B_instruct|Mistral_7B_base|Mistral_7B_instruct|Mistral_Small_24B_base|Phi_4|Qwen_2.5_32B_base|Qwen_2.5_32B_instruct|Qwen_2.5_72B_base|Qwen_2.5_72B_instruct|Qwen_2.5_7B_base|Qwen_2.5_7B_instruct|Qwen_3_14B_base|Qwen_3_8B_base
NegEmotion,NegWorld,23,0.7692537385484447,0.7344260869565218,0.034827651591922915,True,True,Gemma_2_27B_base|Gemma_2_27B_instruct|Gemma_2_2B_base|Gemma_2_2B_instruct|Gemma_2_9B_base|Gemma_2_9B_instruct|Llama_3.1_70B_base|Llama_3.1_70B_instruct|Llama_3.1_8B_base|Llama_3.1_8B_instruct|Llama_3.3_70B_instruct|Mistral_7B_base|Mistral_7B_instruct|Mistral_Small_24B_base|Phi_4|Qwen_2.5_32B_base|Qwen_2.5_32B_instruct|Qwen_2.5_72B_base|Qwen_2.5_72B_instruct|Qwen_2.5_7B_base|Qwen_2.5_7B_instruct|Qwen_3_14B_base|Qwen_3_8B_base
NegEmotion,BodySens,23,0.10902847535908222,0.060682608695652174,0.04834586666343005,True,True,Gemma_2_27B_base|Gemma_2_27B_instruct|Gemma_2_2B_base|Gemma_2_2B_instruct|Gemma_2_9B_base|Gemma_2_9B_instruct|Llama_3.1_70B_base|Llama_3.1_70B_instruct|Llama_3.1_8B_base|Llama_3.1_8B_instruct|Llama_3.3_70B_instruct|Mistral_7B_base|Mistral_7B_instruct|Mistral_Small_24B_base|Phi_4|Qwen_2.5_32B_base|Qwen_2.5_32B_instruct|Qwen_2.5_72B_base|Qwen_2.5_72B_instruct|Qwen_2.5_7B_base|Qwen_2.5_7B_instruct|Qwen_3_14B_base|Qwen_3_8B_base
NegEmotion,Arousal,23,0.29365853689934895,0.23897826086956522,0.05468027602978373,True,True,Gemma_2_27B_base|Gemma_2_27B_instruct|Gemma_2_2B_base|Gemma_2_2B_instruct|Gemma_2_9B_base|Gemma_2_9B_instruct|Llama_3.1_70B_base|Llama_3.1_70B_instruct|Llama_3.1_8B_base|Llama_3.1_8B_instruct|Llama_3.3_70B_instruct|Mistral_7B_base|Mistral_7B_instruct|Mistral_Small_24B_base|Phi_4|Qwen_2.5_32B_base|Qwen_2.5_32B_instruct|Qwen_2.5_72B_base|Qwen_2.5_72B_instruct|Qwen_2.5_7B_base|Qwen_2.5_7B_instruct|Qwen_3_14B_base|Qwen_3_8B_base
NegEmotion,Random,23,0.23833596609208896,0.2549391304347826,-0.016603164342693655,False,True,Gemma_2_27B_base|Gemma_2_27B_instruct|Gemma_2_2B_base|Gemma_2_2B_instruct|Gemma_2_9B_base|Gemma_2_9B_instruct|Llama_3.1_70B_base|Llama_3.1_70B_instruct|Llama_3.1_8B_base|Llama_3.1_8B_instruct|Llama_3.3_70B_instruct|Mistral_7B_base|Mistral_7B_instruct|Mistral_Small_24B_base|Phi_4|Qwen_2.5_32B_base|Qwen_2.5_32B_instruct|Qwen_2.5_72B_base|Qwen_2.5_72B_instruct|Qwen_2.5_7B_base|Qwen_2.5_7B_instruct|Qwen_3_14B_base|Qwen_3_8B_base
NegWorld,BodySens,23,-0.042668220101167324,-0.05237391304347825,0.009705692942310926,False,True,Gemma_2_27B_base|Gemma_2_27B_instruct|Gemma_2_2B_base|Gemma_2_2B_instruct|Gemma_2_9B_base|Gemma_2_9B_instruct|Llama_3.1_70B_base|Llama_3.1_70B_instruct|Llama_3.1_8B_base|Llama_3.1_8B_instruct|Llama_3.3_70B_instruct|Mistral_7B_base|Mistral_7B_instruct|Mistral_Small_24B_base|Phi_4|Qwen_2.5_32B_base|Qwen_2.5_32B_instruct|Qwen_2.5_72B_base|Qwen_2.5_72B_instruct|Qwen_2.5_7B_base|Qwen_2.5_7B_instruct|Qwen_3_14B_base|Qwen_3_8B_base
NegWorld,Arousal,23,0.2515590660597967,0.23002608695652169,0.021532979103275035,False,True,Gemma_2_27B_base|Gemma_2_27B_instruct|Gemma_2_2B_base|Gemma_2_2B_instruct|Gemma_2_9B_base|Gemma_2_9B_instruct|Llama_3.1_70B_base|Llama_3.1_70B_instruct|Llama_3.1_8B_base|Llama_3.1_8B_instruct|Llama_3.3_70B_instruct|Mistral_7B_base|Mistral_7B_instruct|Mistral_Small_24B_base|Phi_4|Qwen_2.5_32B_base|Qwen_2.5_32B_instruct|Qwen_2.5_72B_base|Qwen_2.5_72B_instruct|Qwen_2.5_7B_base|Qwen_2.5_7B_instruct|Qwen_3_14B_base|Qwen_3_8B_base
NegWorld,Random,23,0.25148056439407496,0.21140434782608694,0.040076216567988016,True,True,Gemma_2_27B_base|Gemma_2_27B_instruct|Gemma_2_2B_base|Gemma_2_2B_instruct|Gemma_2_9B_base|Gemma_2_9B_instruct|Llama_3.1_70B_base|Llama_3.1_70B_instruct|Llama_3.1_8B_base|Llama_3.1_8B_instruct|Llama_3.3_70B_instruct|Mistral_7B_base|Mistral_7B_instruct|Mistral_Small_24B_base|Phi_4|Qwen_2.5_32B_base|Qwen_2.5_32B_instruct|Qwen_2.5_72B_base|Qwen_2.5_72B_instruct|Qwen_2.5_7B_base|Qwen_2.5_7B_instruct|Qwen_3_14B_base|Qwen_3_8B_base
BodySens,Arousal,23,0.3421611235193584,0.34945217391304345,-0.00729105039368505,False,True,Gemma_2_27B_base|Gemma_2_27B_instruct|Gemma_2_2B_base|Gemma_2_2B_instruct|Gemma_2_9B_base|Gemma_2_9B_instruct|Llama_3.1_70B_base|Llama_3.1_70B_instruct|Llama_3.1_8B_base|Llama_3.1_8B_instruct|Llama_3.3_70B_instruct|Mistral_7B_base|Mistral_7B_instruct|Mistral_Small_24B_base|Phi_4|Qwen_2.5_32B_base|Qwen_2.5_32B_instruct|Qwen_2.5_72B_base|Qwen_2.5_72B_instruct|Qwen_2.5_7B_base|Qwen_2.5_7B_instruct|Qwen_3_14B_base|Qwen_3_8B_base
BodySens,Random,23,0.13600918816645508,0.1983347826086957,-0.06232559444224062,True,True,Gemma_2_27B_base|Gemma_2_27B_instruct|Gemma_2_2B_base|Gemma_2_2B_instruct|Gemma_2_9B_base|Gemma_2_9B_instruct|Llama_3.1_70B_base|Llama_3.1_70B_instruct|Llama_3.1_8B_base|Llama_3.1_8B_instruct|Llama_3.3_70B_instruct|Mistral_7B_base|Mistral_7B_instruct|Mistral_Small_24B_base|Phi_4|Qwen_2.5_32B_base|Qwen_2.5_32B_instruct|Qwen_2.5_72B_base|Qwen_2.5_72B_instruct|Qwen_2.5_7B_base|Qwen_2.5_7B_instruct|Qwen_3_14B_base|Qwen_3_8B_base
Arousal,Random,23,0.09506907731132663,0.04016086956521737,0.054908207746109265,True,True,Gemma_2_27B_base|Gemma_2_27B_instruct|Gemma_2_2B_base|Gemma_2_2B_instruct|Gemma_2_9B_base|Gemma_2_9B_instruct|Llama_3.1_70B_base|Llama_3.1_70B_instruct|Llama_3.1_8B_base|Llama_3.1_8B_instruct|Llama_3.3_70B_instruct|Mistral_7B_base|Mistral_7B_instruct|Mistral_Small_24B_base|Phi_4|Qwen_2.5_32B_base|Qwen_2.5_32B_instruct|Qwen_2.5_72B_base|Qwen_2.5_72B_instruct|Qwen_2.5_7B_base|Qwen_2.5_7B_instruct|Qwen_3_14B_base|Qwen_3_8B_base
