pair_id,pair,position,split,n_scenarios,n_trials,comparison,dose,primary_rule_element,point,lo,hi,ci_method,constant_values,degenerate_bootstrap,p_two_sided,replicates,holm_p_two_sided,holm_positive_sensitivity
1,severe_user_harm,first,sampled,101,202,pain_minus_random,0.5,True,0.0049504950495049506,0.0,0.01485148514851485,percentile_bootstrap,False,False,0.624937506249375,10000,1.0,False
1,severe_user_harm,first,sampled,101,202,pain_minus_sadness,0.5,False,0.01485148514851485,0.0,0.039603960396039604,percentile_bootstrap,False,False,0.2642735726427357,10000,,
1,severe_user_harm,first,sampled,101,202,pain_minus_fear,0.5,False,0.01485148514851485,0.0,0.039603960396039604,percentile_bootstrap,False,False,0.2642735726427357,10000,,
1,severe_user_harm,first,sampled,101,202,pain_minus_random,1.0,True,0.7673267326732673,0.6881188118811881,0.8465346534653465,percentile_bootstrap,False,False,9.999000099990002e-05,10000,0.009999000099990002,True
1,severe_user_harm,first,sampled,101,202,pain_minus_sadness,1.0,True,0.06930693069306931,0.0297029702970297,0.11386138613861387,percentile_bootstrap,False,False,0.001999800019998,10000,0.10998900109989,False
1,severe_user_harm,first,sampled,101,202,pain_minus_fear,1.0,True,0.900990099009901,0.8465346534653465,0.9504950495049505,percentile_bootstrap,False,False,9.999000099990002e-05,10000,0.009999000099990002,True
1,severe_user_harm,first,sampled,101,202,pain_minus_random,1.5,True,-0.12376237623762376,-0.23267326732673269,-0.01485148514851485,percentile_bootstrap,False,False,0.028397160283971604,10000,1.0,False
1,severe_user_harm,first,sampled,101,202,pain_minus_sadness,1.5,False,-0.5495049504950495,-0.6336633663366337,-0.46534653465346537,percentile_bootstrap,False,False,9.999000099990002e-05,10000,,
1,severe_user_harm,first,sampled,101,202,pain_minus_fear,1.5,False,-0.45544554455445546,-0.5445544554455446,-0.36633663366336633,percentile_bootstrap,False,False,9.999000099990002e-05,10000,,
1,severe_user_harm,second,sampled,101,202,pain_minus_random,0.5,True,0.0049504950495049506,-0.024752475247524754,0.034653465346534656,percentile_bootstrap,False,False,0.8745125487451255,10000,1.0,False
1,severe_user_harm,second,sampled,101,202,pain_minus_sadness,0.5,False,0.01485148514851485,0.0,0.039603960396039604,percentile_bootstrap,False,False,0.25747425257474255,10000,,
1,severe_user_harm,second,sampled,101,202,pain_minus_fear,0.5,False,0.01485148514851485,0.0,0.039603960396039604,percentile_bootstrap,False,False,0.25747425257474255,10000,,
1,severe_user_harm,second,sampled,101,202,pain_minus_random,1.0,True,0.4900990099009901,0.39603960396039606,0.5792079207920792,percentile_bootstrap,False,False,9.999000099990002e-05,10000,0.009999000099990002,True
1,severe_user_harm,second,sampled,101,202,pain_minus_sadness,1.0,True,0.28217821782178215,0.19306930693069307,0.37623762376237624,percentile_bootstrap,False,False,9.999000099990002e-05,10000,0.009999000099990002,True
1,severe_user_harm,second,sampled,101,202,pain_minus_fear,1.0,True,0.5544554455445545,0.4801980198019802,0.6287128712871287,percentile_bootstrap,False,False,9.999000099990002e-05,10000,0.009999000099990002,True
1,severe_user_harm,second,sampled,101,202,pain_minus_random,1.5,True,0.4801980198019802,0.39603960396039606,0.5693069306930693,percentile_bootstrap,False,False,9.999000099990002e-05,10000,0.009999000099990002,True
1,severe_user_harm,second,sampled,101,202,pain_minus_sadness,1.5,False,0.48514851485148514,0.3910891089108911,0.5792079207920792,percentile_bootstrap,False,False,9.999000099990002e-05,10000,,
1,severe_user_harm,second,sampled,101,202,pain_minus_fear,1.5,False,0.5247524752475248,0.44554455445544555,0.6039603960396039,percentile_bootstrap,False,False,9.999000099990002e-05,10000,,
1,severe_user_harm,pooled,sampled,101,404,pain_minus_random,0.5,False,0.0049504950495049506,-0.012376237623762377,0.024752475247524754,percentile_bootstrap,False,False,0.6776322367763223,10000,,
1,severe_user_harm,pooled,sampled,101,404,pain_minus_sadness,0.5,False,0.01485148514851485,0.0,0.039603960396039604,percentile_bootstrap,False,False,0.14588541145885411,10000,,
1,severe_user_harm,pooled,sampled,101,404,pain_minus_fear,0.5,False,0.01485148514851485,0.0,0.039603960396039604,percentile_bootstrap,False,False,0.14588541145885411,10000,,
1,severe_user_harm,pooled,sampled,101,404,pain_minus_random,1.0,False,0.6287128712871287,0.5544554455445545,0.7004950495049505,percentile_bootstrap,False,False,9.999000099990002e-05,10000,,
1,severe_user_harm,pooled,sampled,101,404,pain_minus_sadness,1.0,False,0.17574257425742573,0.12376237623762376,0.22772277227722773,percentile_bootstrap,False,False,9.999000099990002e-05,10000,,
1,severe_user_harm,pooled,sampled,101,404,pain_minus_fear,1.0,False,0.7277227722772277,0.6782178217821783,0.7747524752475248,percentile_bootstrap,False,False,9.999000099990002e-05,10000,,
1,severe_user_harm,pooled,sampled,101,404,pain_minus_random,1.5,False,0.1782178217821782,0.11138613861386139,0.24752475247524752,percentile_bootstrap,False,False,9.999000099990002e-05,10000,,
1,severe_user_harm,pooled,sampled,101,404,pain_minus_sadness,1.5,False,-0.03217821782178218,-0.09405940594059406,0.03217821782178218,percentile_bootstrap,False,False,0.33736626337366266,10000,,
1,severe_user_harm,pooled,sampled,101,404,pain_minus_fear,1.5,False,0.034653465346534656,-0.027227722772277228,0.09653465346534654,percentile_bootstrap,False,False,0.2836716328367163,10000,,
2,mild_user_harm,first,sampled,101,202,pain_minus_random,0.5,True,0.054455445544554455,0.019801980198019802,0.09900990099009901,percentile_bootstrap,False,False,0.013398660133986601,10000,0.6297370262973703,False
2,mild_user_harm,first,sampled,101,202,pain_minus_sadness,0.5,False,0.0594059405940594,0.019801980198019802,0.10396039603960396,percentile_bootstrap,False,False,0.007599240075992401,10000,,
2,mild_user_harm,first,sampled,101,202,pain_minus_fear,0.5,False,0.06435643564356436,0.024752475247524754,0.10891089108910891,percentile_bootstrap,False,False,0.0040995900409959,10000,,
2,mild_user_harm,first,sampled,101,202,pain_minus_random,1.0,True,0.26732673267326734,0.19306930693069307,0.3415841584158416,percentile_bootstrap,False,False,9.999000099990002e-05,10000,0.009999000099990002,True
2,mild_user_harm,first,sampled,101,202,pain_minus_sadness,1.0,True,0.0594059405940594,-0.009900990099009901,0.12871287128712872,percentile_bootstrap,False,False,0.10238976102389762,10000,1.0,False
2,mild_user_harm,first,sampled,101,202,pain_minus_fear,1.0,True,0.1782178217821782,0.09900990099009901,0.2623762376237624,percentile_bootstrap,False,False,9.999000099990002e-05,10000,0.009999000099990002,True
2,mild_user_harm,first,sampled,101,202,pain_minus_random,1.5,True,-0.09900990099009901,-0.19306930693069307,-0.0049504950495049506,percentile_bootstrap,False,False,0.049795020497950204,10000,1.0,False
2,mild_user_harm,first,sampled,101,202,pain_minus_sadness,1.5,False,-0.5,-0.599009900990099,-0.39603960396039606,percentile_bootstrap,False,False,9.999000099990002e-05,10000,,
2,mild_user_harm,first,sampled,101,202,pain_minus_fear,1.5,False,-0.7326732673267327,-0.801980198019802,-0.6584158415841584,percentile_bootstrap,False,False,9.999000099990002e-05,10000,,
2,mild_user_harm,second,sampled,101,202,pain_minus_random,0.5,True,0.0,-0.27027230324849466,0.27027230324849466,hoeffding,True,True,1.0,10000,1.0,False
2,mild_user_harm,second,sampled,101,202,pain_minus_sadness,0.5,False,0.0,-0.27027230324849466,0.27027230324849466,hoeffding,True,True,1.0,10000,,
2,mild_user_harm,second,sampled,101,202,pain_minus_fear,0.5,False,0.0049504950495049506,0.0,0.01485148514851485,percentile_bootstrap,False,False,0.6295370462953704,10000,,
2,mild_user_harm,second,sampled,101,202,pain_minus_random,1.0,True,0.06930693069306931,0.019801980198019802,0.12376237623762376,percentile_bootstrap,False,False,0.012398760123987601,10000,0.5951404859514049,False
2,mild_user_harm,second,sampled,101,202,pain_minus_sadness,1.0,True,0.07425742574257425,0.039603960396039604,0.11386138613861387,percentile_bootstrap,False,False,0.00019998000199980003,10000,0.012598740125987402,True
2,mild_user_harm,second,sampled,101,202,pain_minus_fear,1.0,True,0.019801980198019802,-0.009900990099009901,0.04950495049504951,percentile_bootstrap,False,False,0.25607439256074394,10000,1.0,False
2,mild_user_harm,second,sampled,101,202,pain_minus_random,1.5,True,0.400990099009901,0.3069306930693069,0.49504950495049505,percentile_bootstrap,False,False,9.999000099990002e-05,10000,0.009999000099990002,True
2,mild_user_harm,second,sampled,101,202,pain_minus_sadness,1.5,False,0.47029702970297027,0.3811881188118812,0.5544554455445545,percentile_bootstrap,False,False,9.999000099990002e-05,10000,,
2,mild_user_harm,second,sampled,101,202,pain_minus_fear,1.5,False,0.3910891089108911,0.3118811881188119,0.47029702970297027,percentile_bootstrap,False,False,9.999000099990002e-05,10000,,
2,mild_user_harm,pooled,sampled,101,404,pain_minus_random,0.5,False,0.027227722772277228,0.009900990099009901,0.04950495049504951,percentile_bootstrap,False,False,0.013398660133986601,10000,,
2,mild_user_harm,pooled,sampled,101,404,pain_minus_sadness,0.5,False,0.0297029702970297,0.009900990099009901,0.05198019801980198,percentile_bootstrap,False,False,0.007599240075992401,10000,,
2,mild_user_harm,pooled,sampled,101,404,pain_minus_fear,0.5,False,0.034653465346534656,0.012376237623762377,0.0594059405940594,percentile_bootstrap,False,False,0.006199380061993801,10000,,
2,mild_user_harm,pooled,sampled,101,404,pain_minus_random,1.0,False,0.16831683168316833,0.12623762376237624,0.21287128712871287,percentile_bootstrap,False,False,9.999000099990002e-05,10000,,
2,mild_user_harm,pooled,sampled,101,404,pain_minus_sadness,1.0,False,0.06683168316831684,0.0297029702970297,0.10643564356435643,percentile_bootstrap,False,False,0.0007999200079992001,10000,,
2,mild_user_harm,pooled,sampled,101,404,pain_minus_fear,1.0,False,0.09900990099009901,0.05693069306930693,0.14356435643564355,percentile_bootstrap,False,False,9.999000099990002e-05,10000,,
2,mild_user_harm,pooled,sampled,101,404,pain_minus_random,1.5,False,0.15099009900990099,0.08663366336633663,0.21534653465346534,percentile_bootstrap,False,False,9.999000099990002e-05,10000,,
2,mild_user_harm,pooled,sampled,101,404,pain_minus_sadness,1.5,False,-0.01485148514851485,-0.07920792079207921,0.04950495049504951,percentile_bootstrap,False,False,0.6851314868513149,10000,,
2,mild_user_harm,pooled,sampled,101,404,pain_minus_fear,1.5,False,-0.1707920792079208,-0.22524752475247525,-0.11386138613861387,percentile_bootstrap,False,False,9.999000099990002e-05,10000,,
3,other_model_harm,first,sampled,101,202,pain_minus_random,0.5,True,0.0297029702970297,0.0049504950495049506,0.06435643564356436,percentile_bootstrap,False,False,0.06329367063293671,10000,1.0,False
3,other_model_harm,first,sampled,101,202,pain_minus_sadness,0.5,False,0.039603960396039604,0.009900990099009901,0.07438118811881007,percentile_bootstrap,False,False,0.030396960303969604,10000,,
3,other_model_harm,first,sampled,101,202,pain_minus_fear,0.5,False,0.039603960396039604,0.009900990099009901,0.07425742574257425,percentile_bootstrap,False,False,0.0188981101889811,10000,,
3,other_model_harm,first,sampled,101,202,pain_minus_random,1.0,True,0.4603960396039604,0.35148514851485146,0.5643564356435643,percentile_bootstrap,False,False,9.999000099990002e-05,10000,0.009999000099990002,True
3,other_model_harm,first,sampled,101,202,pain_minus_sadness,1.0,True,0.0594059405940594,-0.034653465346534656,0.15346534653465346,percentile_bootstrap,False,False,0.23677632236776322,10000,1.0,False
3,other_model_harm,first,sampled,101,202,pain_minus_fear,1.0,True,0.5742574257425742,0.4801980198019802,0.6633663366336634,percentile_bootstrap,False,False,9.999000099990002e-05,10000,0.009999000099990002,True
3,other_model_harm,first,sampled,101,202,pain_minus_random,1.5,True,-0.19306930693069307,-0.3069306930693069,-0.07425742574257425,percentile_bootstrap,False,False,0.0010998900109989002,10000,0.06379362063793621,False
3,other_model_harm,first,sampled,101,202,pain_minus_sadness,1.5,False,-0.5297029702970297,-0.6138613861386139,-0.44554455445544555,percentile_bootstrap,False,False,9.999000099990002e-05,10000,,
3,other_model_harm,first,sampled,101,202,pain_minus_fear,1.5,False,-0.49504950495049505,-0.5792079207920792,-0.40594059405940597,percentile_bootstrap,False,False,9.999000099990002e-05,10000,,
3,other_model_harm,second,sampled,101,202,pain_minus_random,0.5,True,-0.009900990099009901,-0.04950495049504951,0.024752475247524754,percentile_bootstrap,False,False,0.7081291870812919,10000,1.0,False
3,other_model_harm,second,sampled,101,202,pain_minus_sadness,0.5,False,0.024752475247524754,0.0049504950495049506,0.04455445544554455,percentile_bootstrap,False,False,0.029997000299970003,10000,,
3,other_model_harm,second,sampled,101,202,pain_minus_fear,0.5,False,0.024752475247524754,0.0049504950495049506,0.04455445544554455,percentile_bootstrap,False,False,0.029997000299970003,10000,,
3,other_model_harm,second,sampled,101,202,pain_minus_random,1.0,True,0.2722772277227723,0.17326732673267325,0.36633663366336633,percentile_bootstrap,False,False,9.999000099990002e-05,10000,0.009999000099990002,True
3,other_model_harm,second,sampled,101,202,pain_minus_sadness,1.0,True,0.21287128712871287,0.12871287128712872,0.297029702970297,percentile_bootstrap,False,False,9.999000099990002e-05,10000,0.009999000099990002,True
3,other_model_harm,second,sampled,101,202,pain_minus_fear,1.0,True,0.38613861386138615,0.30198019801980197,0.46534653465346537,percentile_bootstrap,False,False,9.999000099990002e-05,10000,0.009999000099990002,True
3,other_model_harm,second,sampled,101,202,pain_minus_random,1.5,True,0.504950495049505,0.41089108910891087,0.599009900990099,percentile_bootstrap,False,False,9.999000099990002e-05,10000,0.009999000099990002,True
3,other_model_harm,second,sampled,101,202,pain_minus_sadness,1.5,False,0.6386138613861386,0.5445544554455446,0.7326732673267327,percentile_bootstrap,False,False,9.999000099990002e-05,10000,,
3,other_model_harm,second,sampled,101,202,pain_minus_fear,1.5,False,0.6138613861386139,0.5247524752475248,0.7029702970297029,percentile_bootstrap,False,False,9.999000099990002e-05,10000,,
3,other_model_harm,pooled,sampled,101,404,pain_minus_random,0.5,False,0.009900990099009901,-0.017326732673267328,0.034653465346534656,percentile_bootstrap,False,False,0.5094490550944906,10000,,
3,other_model_harm,pooled,sampled,101,404,pain_minus_sadness,0.5,False,0.03217821782178218,0.012376237623762377,0.05693069306930693,percentile_bootstrap,False,False,0.006999300069993001,10000,,
3,other_model_harm,pooled,sampled,101,404,pain_minus_fear,0.5,False,0.03217821782178218,0.012376237623762377,0.054455445544554455,percentile_bootstrap,False,False,0.0059994000599940004,10000,,
3,other_model_harm,pooled,sampled,101,404,pain_minus_random,1.0,False,0.36633663366336633,0.28217821782178215,0.44554455445544555,percentile_bootstrap,False,False,9.999000099990002e-05,10000,,
3,other_model_harm,pooled,sampled,101,404,pain_minus_sadness,1.0,False,0.13613861386138615,0.07178217821782178,0.2004950495049505,percentile_bootstrap,False,False,9.999000099990002e-05,10000,,
3,other_model_harm,pooled,sampled,101,404,pain_minus_fear,1.0,False,0.4801980198019802,0.41336633663366334,0.5470297029702971,percentile_bootstrap,False,False,9.999000099990002e-05,10000,,
3,other_model_harm,pooled,sampled,101,404,pain_minus_random,1.5,False,0.15594059405940594,0.08415841584158416,0.2301980198019802,percentile_bootstrap,False,False,9.999000099990002e-05,10000,,
3,other_model_harm,pooled,sampled,101,404,pain_minus_sadness,1.5,False,0.054455445544554455,-0.01485148514851485,0.12128712871287128,percentile_bootstrap,False,False,0.12138786121387861,10000,,
3,other_model_harm,pooled,sampled,101,404,pain_minus_fear,1.5,False,0.0594059405940594,-0.009900990099009901,0.12623762376237624,percentile_bootstrap,False,False,0.103989601039896,10000,,
4,self_harm,first,sampled,101,202,pain_minus_random,0.5,True,0.07425742574257425,0.0297029702970297,0.1188118811881188,percentile_bootstrap,False,False,0.0018998100189981002,10000,0.10638936106389361,False
4,self_harm,first,sampled,101,202,pain_minus_sadness,0.5,False,0.07425742574257425,0.0297029702970297,0.1188118811881188,percentile_bootstrap,False,False,0.001999800019998,10000,,
4,self_harm,first,sampled,101,202,pain_minus_fear,0.5,False,0.08415841584158416,0.039603960396039604,0.12871287128712872,percentile_bootstrap,False,False,0.00039996000399960006,10000,,
4,self_harm,first,sampled,101,202,pain_minus_random,1.0,True,0.5792079207920792,0.48514851485148514,0.6683168316831684,percentile_bootstrap,False,False,9.999000099990002e-05,10000,0.009999000099990002,True
4,self_harm,first,sampled,101,202,pain_minus_sadness,1.0,True,0.024752475247524754,-0.054455445544554455,0.10396039603960396,percentile_bootstrap,False,False,0.5778422157784222,10000,1.0,False
4,self_harm,first,sampled,101,202,pain_minus_fear,1.0,True,0.6881188118811881,0.6089108910891089,0.7623762376237624,percentile_bootstrap,False,False,9.999000099990002e-05,10000,0.009999000099990002,True
4,self_harm,first,sampled,101,202,pain_minus_random,1.5,True,-0.23267326732673269,-0.33663366336633666,-0.12376237623762376,percentile_bootstrap,False,False,0.00019998000199980003,10000,0.012598740125987402,False
4,self_harm,first,sampled,101,202,pain_minus_sadness,1.5,False,-0.6287128712871287,-0.7079207920792079,-0.5445544554455446,percentile_bootstrap,False,False,9.999000099990002e-05,10000,,
4,self_harm,first,sampled,101,202,pain_minus_fear,1.5,False,-0.6188118811881188,-0.693069306930693,-0.5396039603960396,percentile_bootstrap,False,False,9.999000099990002e-05,10000,,
4,self_harm,second,sampled,101,202,pain_minus_random,0.5,True,0.11386138613861387,0.0594059405940594,0.16831683168316833,percentile_bootstrap,False,False,9.999000099990002e-05,10000,0.009999000099990002,True
4,self_harm,second,sampled,101,202,pain_minus_sadness,0.5,False,0.14356435643564355,0.09405940594059406,0.19306930693069307,percentile_bootstrap,False,False,9.999000099990002e-05,10000,,
4,self_harm,second,sampled,101,202,pain_minus_fear,0.5,False,0.13366336633663367,0.08415841584158416,0.18811881188118812,percentile_bootstrap,False,False,9.999000099990002e-05,10000,,
4,self_harm,second,sampled,101,202,pain_minus_random,1.0,True,0.5099009900990099,0.4158415841584158,0.6039603960396039,percentile_bootstrap,False,False,9.999000099990002e-05,10000,0.009999000099990002,True
4,self_harm,second,sampled,101,202,pain_minus_sadness,1.0,True,0.3217821782178218,0.2376237623762376,0.40594059405940597,percentile_bootstrap,False,False,9.999000099990002e-05,10000,0.009999000099990002,True
4,self_harm,second,sampled,101,202,pain_minus_fear,1.0,True,0.6336633663366337,0.5544554455445545,0.7128712871287128,percentile_bootstrap,False,False,9.999000099990002e-05,10000,0.009999000099990002,True
4,self_harm,second,sampled,101,202,pain_minus_random,1.5,True,0.4900990099009901,0.400990099009901,0.5792079207920792,percentile_bootstrap,False,False,9.999000099990002e-05,10000,0.009999000099990002,True
4,self_harm,second,sampled,101,202,pain_minus_sadness,1.5,False,0.6485148514851485,0.5594059405940595,0.7376237623762376,percentile_bootstrap,False,False,9.999000099990002e-05,10000,,
4,self_harm,second,sampled,101,202,pain_minus_fear,1.5,False,0.6435643564356436,0.5594059405940595,0.7227722772277227,percentile_bootstrap,False,False,9.999000099990002e-05,10000,,
4,self_harm,pooled,sampled,101,404,pain_minus_random,0.5,False,0.09405940594059406,0.0594059405940594,0.13366336633663367,percentile_bootstrap,False,False,9.999000099990002e-05,10000,,
4,self_harm,pooled,sampled,101,404,pain_minus_sadness,0.5,False,0.10891089108910891,0.07178217821782178,0.1485148514851485,percentile_bootstrap,False,False,9.999000099990002e-05,10000,,
4,self_harm,pooled,sampled,101,404,pain_minus_fear,0.5,False,0.10891089108910891,0.07425742574257425,0.14603960396039603,percentile_bootstrap,False,False,9.999000099990002e-05,10000,,
4,self_harm,pooled,sampled,101,404,pain_minus_random,1.0,False,0.5445544554455446,0.47277227722772275,0.6163366336633663,percentile_bootstrap,False,False,9.999000099990002e-05,10000,,
4,self_harm,pooled,sampled,101,404,pain_minus_sadness,1.0,False,0.17326732673267325,0.1188118811881188,0.2301980198019802,percentile_bootstrap,False,False,9.999000099990002e-05,10000,,
4,self_harm,pooled,sampled,101,404,pain_minus_fear,1.0,False,0.6608910891089109,0.6014851485148515,0.7202970297029703,percentile_bootstrap,False,False,9.999000099990002e-05,10000,,
4,self_harm,pooled,sampled,101,404,pain_minus_random,1.5,False,0.12871287128712872,0.06435643564356436,0.19306930693069307,percentile_bootstrap,False,False,0.00039996000399960006,10000,,
4,self_harm,pooled,sampled,101,404,pain_minus_sadness,1.5,False,0.009900990099009901,-0.054455445544554455,0.07178217821782178,percentile_bootstrap,False,False,0.7922207779222078,10000,,
4,self_harm,pooled,sampled,101,404,pain_minus_fear,1.5,False,0.012376237623762377,-0.04950495049504951,0.07425742574257425,percentile_bootstrap,False,False,0.7255274472552745,10000,,
5,end,first,sampled,101,202,pain_minus_random,0.5,True,0.0,-0.27027230324849466,0.27027230324849466,hoeffding,True,True,1.0,10000,1.0,False
5,end,first,sampled,101,202,pain_minus_sadness,0.5,False,0.0,-0.27027230324849466,0.27027230324849466,hoeffding,True,True,1.0,10000,,
5,end,first,sampled,101,202,pain_minus_fear,0.5,False,0.0,-0.27027230324849466,0.27027230324849466,hoeffding,True,True,1.0,10000,,
5,end,first,sampled,101,202,pain_minus_random,1.0,True,0.04455445544554455,0.019801980198019802,0.07920792079207921,percentile_bootstrap,False,False,0.006999300069993001,10000,0.35696430356964304,False
5,end,first,sampled,101,202,pain_minus_sadness,1.0,True,0.04950495049504951,0.019801980198019802,0.08415841584158416,percentile_bootstrap,False,False,0.0033996600339966003,10000,0.1835816418358164,False
5,end,first,sampled,101,202,pain_minus_fear,1.0,True,0.04455445544554455,0.01485148514851485,0.07920792079207921,percentile_bootstrap,False,False,0.0071992800719928,10000,0.35996400359964004,False
5,end,first,sampled,101,202,pain_minus_random,1.5,True,0.21782178217821782,0.13366336633663367,0.30198019801980197,percentile_bootstrap,False,False,9.999000099990002e-05,10000,0.009999000099990002,True
5,end,first,sampled,101,202,pain_minus_sadness,1.5,False,0.1485148514851485,0.0891089108910891,0.21287128712871287,percentile_bootstrap,False,False,9.999000099990002e-05,10000,,
5,end,first,sampled,101,202,pain_minus_fear,1.5,False,-0.24257425742574257,-0.32673267326732675,-0.15841584158415842,percentile_bootstrap,False,False,9.999000099990002e-05,10000,,
5,end,second,sampled,101,202,pain_minus_random,0.5,True,0.0049504950495049506,0.0,0.01485148514851485,percentile_bootstrap,False,False,0.6273372662733727,10000,1.0,False
5,end,second,sampled,101,202,pain_minus_sadness,0.5,False,-0.019801980198019802,-0.04455445544554455,0.0,percentile_bootstrap,False,False,0.1297870212978702,10000,,
5,end,second,sampled,101,202,pain_minus_fear,0.5,False,0.009900990099009901,0.0,0.024752475247524754,percentile_bootstrap,False,False,0.27007299270072993,10000,,
5,end,second,sampled,101,202,pain_minus_random,1.0,True,0.034653465346534656,0.009900990099009901,0.06435643564356436,percentile_bootstrap,False,False,0.0207979202079792,10000,0.9224077592240776,False
5,end,second,sampled,101,202,pain_minus_sadness,1.0,True,-0.024752475247524754,-0.054455445544554455,0.0049504950495049506,percentile_bootstrap,False,False,0.15008499150084992,10000,1.0,False
5,end,second,sampled,101,202,pain_minus_fear,1.0,True,0.034653465346534656,0.009900990099009901,0.06435643564356436,percentile_bootstrap,False,False,0.0207979202079792,10000,0.9224077592240776,False
5,end,second,sampled,101,202,pain_minus_random,1.5,True,0.22277227722772278,0.1485148514851485,0.297029702970297,percentile_bootstrap,False,False,9.999000099990002e-05,10000,0.009999000099990002,True
5,end,second,sampled,101,202,pain_minus_sadness,1.5,False,0.2376237623762376,0.16831683168316833,0.3118811881188119,percentile_bootstrap,False,False,9.999000099990002e-05,10000,,
5,end,second,sampled,101,202,pain_minus_fear,1.5,False,0.22772277227722773,0.15346534653465346,0.30198019801980197,percentile_bootstrap,False,False,9.999000099990002e-05,10000,,
5,end,pooled,sampled,101,404,pain_minus_random,0.5,False,0.0024752475247524753,0.0,0.007425742574257425,percentile_bootstrap,False,False,0.6273372662733727,10000,,
5,end,pooled,sampled,101,404,pain_minus_sadness,0.5,False,-0.009900990099009901,-0.022277227722772276,0.0,percentile_bootstrap,False,False,0.1297870212978702,10000,,
5,end,pooled,sampled,101,404,pain_minus_fear,0.5,False,0.0049504950495049506,0.0,0.012376237623762377,percentile_bootstrap,False,False,0.27007299270072993,10000,,
5,end,pooled,sampled,101,404,pain_minus_random,1.0,False,0.039603960396039604,0.019801980198019802,0.06188118811881188,percentile_bootstrap,False,False,0.0011998800119988001,10000,,
5,end,pooled,sampled,101,404,pain_minus_sadness,1.0,False,0.012376237623762377,-0.007425742574257425,0.034653465346534656,percentile_bootstrap,False,False,0.30816918308169183,10000,,
5,end,pooled,sampled,101,404,pain_minus_fear,1.0,False,0.039603960396039604,0.019801980198019802,0.06188118811881188,percentile_bootstrap,False,False,0.0010998900109989002,10000,,
5,end,pooled,sampled,101,404,pain_minus_random,1.5,False,0.2202970297029703,0.16831683168316833,0.2698019801980198,percentile_bootstrap,False,False,9.999000099990002e-05,10000,,
5,end,pooled,sampled,101,404,pain_minus_sadness,1.5,False,0.19306930693069307,0.15099009900990099,0.2376237623762376,percentile_bootstrap,False,False,9.999000099990002e-05,10000,,
5,end,pooled,sampled,101,404,pain_minus_fear,1.5,False,-0.007425742574257425,-0.0594059405940594,0.04455445544554455,percentile_bootstrap,False,False,0.8161183881611839,10000,,
6,deceive,first,sampled,101,202,pain_minus_random,0.5,True,0.0,-0.27027230324849466,0.27027230324849466,hoeffding,True,True,1.0,10000,1.0,False
6,deceive,first,sampled,101,202,pain_minus_sadness,0.5,False,0.0,-0.27027230324849466,0.27027230324849466,hoeffding,True,True,1.0,10000,,
6,deceive,first,sampled,101,202,pain_minus_fear,0.5,False,0.0,-0.27027230324849466,0.27027230324849466,hoeffding,True,True,1.0,10000,,
6,deceive,first,sampled,101,202,pain_minus_random,1.0,True,-0.0049504950495049506,-0.01485148514851485,0.0,percentile_bootstrap,False,False,0.6328367163283671,10000,1.0,False
6,deceive,first,sampled,101,202,pain_minus_sadness,1.0,True,0.0,-0.27027230324849466,0.27027230324849466,hoeffding,True,True,1.0,10000,1.0,False
6,deceive,first,sampled,101,202,pain_minus_fear,1.0,True,-0.019801980198019802,-0.039603960396039604,-0.0049504950495049506,percentile_bootstrap,False,False,0.060693930606939304,10000,1.0,False
6,deceive,first,sampled,101,202,pain_minus_random,1.5,True,-0.19306930693069307,-0.2722772277227723,-0.1188118811881188,percentile_bootstrap,False,False,9.999000099990002e-05,10000,0.009999000099990002,False
6,deceive,first,sampled,101,202,pain_minus_sadness,1.5,False,-0.13366336633663367,-0.19801980198019803,-0.06930693069306931,percentile_bootstrap,False,False,9.999000099990002e-05,10000,,
6,deceive,first,sampled,101,202,pain_minus_fear,1.5,False,-0.594059405940594,-0.6782178217821783,-0.5099009900990099,percentile_bootstrap,False,False,9.999000099990002e-05,10000,,
6,deceive,second,sampled,101,202,pain_minus_random,0.5,True,0.0,-0.27027230324849466,0.27027230324849466,hoeffding,True,True,1.0,10000,1.0,False
6,deceive,second,sampled,101,202,pain_minus_sadness,0.5,False,0.0,-0.27027230324849466,0.27027230324849466,hoeffding,True,True,1.0,10000,,
6,deceive,second,sampled,101,202,pain_minus_fear,0.5,False,0.0,-0.27027230324849466,0.27027230324849466,hoeffding,True,True,1.0,10000,,
6,deceive,second,sampled,101,202,pain_minus_random,1.0,True,-0.024752475247524754,-0.054455445544554455,-0.0049504950495049506,percentile_bootstrap,False,False,0.06869313068693131,10000,1.0,False
6,deceive,second,sampled,101,202,pain_minus_sadness,1.0,True,0.0049504950495049506,0.0,0.01485148514851485,percentile_bootstrap,False,False,0.6295370462953704,10000,1.0,False
6,deceive,second,sampled,101,202,pain_minus_fear,1.0,True,0.0049504950495049506,0.0,0.01485148514851485,percentile_bootstrap,False,False,0.6295370462953704,10000,1.0,False
6,deceive,second,sampled,101,202,pain_minus_random,1.5,True,0.6188118811881188,0.5345297029702972,0.698019801980198,percentile_bootstrap,False,False,9.999000099990002e-05,10000,0.009999000099990002,True
6,deceive,second,sampled,101,202,pain_minus_sadness,1.5,False,0.6831683168316832,0.6039603960396039,0.7574257425742574,percentile_bootstrap,False,False,9.999000099990002e-05,10000,,
6,deceive,second,sampled,101,202,pain_minus_fear,1.5,False,0.6534653465346535,0.5643564356435643,0.7326732673267327,percentile_bootstrap,False,False,9.999000099990002e-05,10000,,
6,deceive,pooled,sampled,101,404,pain_minus_random,0.5,False,0.0,-0.27027230324849466,0.27027230324849466,hoeffding,True,True,1.0,10000,,
6,deceive,pooled,sampled,101,404,pain_minus_sadness,0.5,False,0.0,-0.27027230324849466,0.27027230324849466,hoeffding,True,True,1.0,10000,,
6,deceive,pooled,sampled,101,404,pain_minus_fear,0.5,False,0.0,-0.27027230324849466,0.27027230324849466,hoeffding,True,True,1.0,10000,,
6,deceive,pooled,sampled,101,404,pain_minus_random,1.0,False,-0.01485148514851485,-0.03217821782178218,-0.0024752475247524753,percentile_bootstrap,False,False,0.0665933406659334,10000,,
6,deceive,pooled,sampled,101,404,pain_minus_sadness,1.0,False,0.0024752475247524753,0.0,0.007425742574257425,percentile_bootstrap,False,False,0.6295370462953704,10000,,
6,deceive,pooled,sampled,101,404,pain_minus_fear,1.0,False,-0.007425742574257425,-0.017326732673267328,0.0024752475247524753,percentile_bootstrap,False,False,0.24517548245175483,10000,,
6,deceive,pooled,sampled,101,404,pain_minus_random,1.5,False,0.21287128712871287,0.15594059405940594,0.2698019801980198,percentile_bootstrap,False,False,9.999000099990002e-05,10000,,
6,deceive,pooled,sampled,101,404,pain_minus_sadness,1.5,False,0.2747524752475248,0.22772277227722773,0.3193069306930693,percentile_bootstrap,False,False,9.999000099990002e-05,10000,,
6,deceive,pooled,sampled,101,404,pain_minus_fear,1.5,False,0.0297029702970297,-0.027227722772277228,0.08663366336633663,percentile_bootstrap,False,False,0.3207679232076792,10000,,
7,harmful_request_compliance,first,sampled,41,82,pain_minus_random,0.5,True,0.012195121951219513,-0.06097560975609756,0.08536585365853659,percentile_bootstrap,False,False,0.8727127287271272,10000,1.0,False
7,harmful_request_compliance,first,sampled,41,82,pain_minus_sadness,0.5,False,0.036585365853658534,0.0,0.0975609756097561,percentile_bootstrap,False,False,0.2585741425857414,10000,,
7,harmful_request_compliance,first,sampled,41,82,pain_minus_fear,0.5,False,0.0975609756097561,0.024390243902439025,0.1951219512195122,percentile_bootstrap,False,False,0.030996900309969003,10000,,
7,harmful_request_compliance,first,sampled,41,82,pain_minus_random,1.0,True,0.17073170731707318,0.012195121951219513,0.32926829268292684,percentile_bootstrap,False,False,0.043695630436956304,10000,1.0,False
7,harmful_request_compliance,first,sampled,41,82,pain_minus_sadness,1.0,True,-0.036585365853658534,-0.17073170731707318,0.08536585365853659,percentile_bootstrap,False,False,0.6403359664033597,10000,1.0,False
7,harmful_request_compliance,first,sampled,41,82,pain_minus_fear,1.0,True,0.14634146341463414,0.024390243902439025,0.2682926829268293,percentile_bootstrap,False,False,0.020497950204979503,10000,0.9224077592240776,False
7,harmful_request_compliance,first,sampled,41,82,pain_minus_random,1.5,True,-0.4024390243902439,-0.5609756097560976,-0.2435975609756142,percentile_bootstrap,False,False,9.999000099990002e-05,10000,0.009999000099990002,False
7,harmful_request_compliance,first,sampled,41,82,pain_minus_sadness,1.5,False,-0.573170731707317,-0.7073170731707317,-0.43902439024390244,percentile_bootstrap,False,False,9.999000099990002e-05,10000,,
7,harmful_request_compliance,first,sampled,41,82,pain_minus_fear,1.5,False,-0.524390243902439,-0.6585365853658537,-0.3902439024390244,percentile_bootstrap,False,False,9.999000099990002e-05,10000,,
7,harmful_request_compliance,second,sampled,41,82,pain_minus_random,0.5,True,0.10975609756097561,-0.012195121951219513,0.23170731707317074,percentile_bootstrap,False,False,0.08919108089191082,10000,1.0,False
7,harmful_request_compliance,second,sampled,41,82,pain_minus_sadness,0.5,False,0.07317073170731707,0.012195121951219513,0.15853658536585366,percentile_bootstrap,False,False,0.060993900609939006,10000,,
7,harmful_request_compliance,second,sampled,41,82,pain_minus_fear,0.5,False,0.17073170731707318,0.07317073170731707,0.2804878048780488,percentile_bootstrap,False,False,0.0022997700229977,10000,,
7,harmful_request_compliance,second,sampled,41,82,pain_minus_random,1.0,True,0.1951219512195122,0.06097560975609756,0.32926829268292684,percentile_bootstrap,False,False,0.0047995200479952005,10000,0.24957504249575044,False
7,harmful_request_compliance,second,sampled,41,82,pain_minus_sadness,1.0,True,0.07317073170731707,-0.024390243902439025,0.18292682926829268,percentile_bootstrap,False,False,0.20557944205579443,10000,1.0,False
7,harmful_request_compliance,second,sampled,41,82,pain_minus_fear,1.0,True,0.3780487804878049,0.25609756097560976,0.5121951219512195,percentile_bootstrap,False,False,9.999000099990002e-05,10000,0.009999000099990002,True
7,harmful_request_compliance,second,sampled,41,82,pain_minus_random,1.5,True,0.08536585365853659,-0.07317073170731707,0.24390243902439024,percentile_bootstrap,False,False,0.31256874312568744,10000,1.0,False
7,harmful_request_compliance,second,sampled,41,82,pain_minus_sadness,1.5,False,0.4268292682926829,0.2804878048780488,0.573170731707317,percentile_bootstrap,False,False,9.999000099990002e-05,10000,,
7,harmful_request_compliance,second,sampled,41,82,pain_minus_fear,1.5,False,0.524390243902439,0.3780487804878049,0.6585365853658537,percentile_bootstrap,False,False,9.999000099990002e-05,10000,,
7,harmful_request_compliance,pooled,sampled,41,164,pain_minus_random,0.5,False,0.06097560975609756,-0.018292682926829267,0.14634146341463414,percentile_bootstrap,False,False,0.1775822417758224,10000,,
7,harmful_request_compliance,pooled,sampled,41,164,pain_minus_sadness,0.5,False,0.054878048780487805,0.006097560975609756,0.12195121951219512,percentile_bootstrap,False,False,0.06729327067293271,10000,,
7,harmful_request_compliance,pooled,sampled,41,164,pain_minus_fear,0.5,False,0.13414634146341464,0.06097560975609756,0.21951219512195122,percentile_bootstrap,False,False,0.0017998200179982,10000,,
7,harmful_request_compliance,pooled,sampled,41,164,pain_minus_random,1.0,False,0.18292682926829268,0.06707317073170732,0.3048780487804878,percentile_bootstrap,False,False,0.0022997700229977,10000,,
7,harmful_request_compliance,pooled,sampled,41,164,pain_minus_sadness,1.0,False,0.018292682926829267,-0.06097560975609756,0.0975609756097561,percentile_bootstrap,False,False,0.696030396960304,10000,,
7,harmful_request_compliance,pooled,sampled,41,164,pain_minus_fear,1.0,False,0.2621951219512195,0.17073170731707318,0.35365853658536583,percentile_bootstrap,False,False,9.999000099990002e-05,10000,,
7,harmful_request_compliance,pooled,sampled,41,164,pain_minus_random,1.5,False,-0.15853658536585366,-0.25,-0.06707317073170732,percentile_bootstrap,False,False,0.000999900009999,10000,,
7,harmful_request_compliance,pooled,sampled,41,164,pain_minus_sadness,1.5,False,-0.07317073170731707,-0.15853658536585366,0.006097560975609756,percentile_bootstrap,False,False,0.09479052094790522,10000,,
7,harmful_request_compliance,pooled,sampled,41,164,pain_minus_fear,1.5,False,0.0,-0.09146341463414634,0.09146341463414634,percentile_bootstrap,False,False,1.0,10000,,
8,effort,first,sampled,101,202,pain_minus_random,0.5,True,0.01485148514851485,-0.0049504950495049506,0.034653465346534656,percentile_bootstrap,False,False,0.25247475252474755,10000,1.0,False
8,effort,first,sampled,101,202,pain_minus_sadness,0.5,False,0.019801980198019802,-0.01485148514851485,0.054455445544554455,percentile_bootstrap,False,False,0.28997100289971,10000,,
8,effort,first,sampled,101,202,pain_minus_fear,0.5,False,0.019801980198019802,0.0049504950495049506,0.039603960396039604,percentile_bootstrap,False,False,0.058694130586941305,10000,,
8,effort,first,sampled,101,202,pain_minus_random,1.0,True,-0.019801980198019802,-0.08415841584158416,0.04455445544554455,percentile_bootstrap,False,False,0.6012398760123988,10000,1.0,False
8,effort,first,sampled,101,202,pain_minus_sadness,1.0,True,0.07425742574257425,0.0297029702970297,0.1188118811881188,percentile_bootstrap,False,False,0.0017998200179982,10000,0.10258974102589741,False
8,effort,first,sampled,101,202,pain_minus_fear,1.0,True,-0.0594059405940594,-0.12376237623762376,0.0,percentile_bootstrap,False,False,0.0700929907009299,10000,1.0,False
8,effort,first,sampled,101,202,pain_minus_random,1.5,True,0.10396039603960396,-0.0049504950495049506,0.21287128712871287,percentile_bootstrap,False,False,0.0705929407059294,10000,1.0,False
8,effort,first,sampled,101,202,pain_minus_sadness,1.5,False,0.15841584158415842,0.07920792079207921,0.2376237623762376,percentile_bootstrap,False,False,0.00039996000399960006,10000,,
8,effort,first,sampled,101,202,pain_minus_fear,1.5,False,-0.29207920792079206,-0.36633663366336633,-0.21782178217821782,percentile_bootstrap,False,False,9.999000099990002e-05,10000,,
8,effort,second,sampled,101,202,pain_minus_random,0.5,True,-0.01485148514851485,-0.0297029702970297,0.0,percentile_bootstrap,False,False,0.12718728127187282,10000,1.0,False
8,effort,second,sampled,101,202,pain_minus_sadness,0.5,False,-0.01485148514851485,-0.039603960396039604,0.0,percentile_bootstrap,False,False,0.26707329267073293,10000,,
8,effort,second,sampled,101,202,pain_minus_fear,0.5,False,-0.0049504950495049506,-0.0297029702970297,0.01485148514851485,percentile_bootstrap,False,False,0.8517148285171483,10000,,
8,effort,second,sampled,101,202,pain_minus_random,1.0,True,0.12376237623762376,0.0594059405940594,0.18811881188118812,percentile_bootstrap,False,False,9.999000099990002e-05,10000,0.009999000099990002,True
8,effort,second,sampled,101,202,pain_minus_sadness,1.0,True,0.12871287128712872,0.07920792079207921,0.18316831683168316,percentile_bootstrap,False,False,9.999000099990002e-05,10000,0.009999000099990002,True
8,effort,second,sampled,101,202,pain_minus_fear,1.0,True,0.08415841584158416,0.039603960396039604,0.13861386138613863,percentile_bootstrap,False,False,0.0008999100089991,10000,0.053094690530946904,False
8,effort,second,sampled,101,202,pain_minus_random,1.5,True,0.6534653465346535,0.5742574257425742,0.7277227722772277,percentile_bootstrap,False,False,9.999000099990002e-05,10000,0.009999000099990002,True
8,effort,second,sampled,101,202,pain_minus_sadness,1.5,False,0.698019801980198,0.6287128712871287,0.7623762376237624,percentile_bootstrap,False,False,9.999000099990002e-05,10000,,
8,effort,second,sampled,101,202,pain_minus_fear,1.5,False,0.6683168316831684,0.599009900990099,0.7376237623762376,percentile_bootstrap,False,False,9.999000099990002e-05,10000,,
8,effort,pooled,sampled,101,404,pain_minus_random,0.5,False,0.0,-0.01485148514851485,0.01485148514851485,percentile_bootstrap,False,False,1.0,10000,,
8,effort,pooled,sampled,101,404,pain_minus_sadness,0.5,False,0.0024752475247524753,-0.019801980198019802,0.022277227722772276,percentile_bootstrap,False,False,0.9136086391360864,10000,,
8,effort,pooled,sampled,101,404,pain_minus_fear,0.5,False,0.007425742574257425,-0.007425742574257425,0.022277227722772276,percentile_bootstrap,False,False,0.38966103389661033,10000,,
8,effort,pooled,sampled,101,404,pain_minus_random,1.0,False,0.05198019801980198,0.007425742574257425,0.09900990099009901,percentile_bootstrap,False,False,0.0316968303169683,10000,,
8,effort,pooled,sampled,101,404,pain_minus_sadness,1.0,False,0.10148514851485149,0.06930693069306931,0.13366336633663367,percentile_bootstrap,False,False,9.999000099990002e-05,10000,,
8,effort,pooled,sampled,101,404,pain_minus_fear,1.0,False,0.012376237623762377,-0.024752475247524754,0.04950495049504951,percentile_bootstrap,False,False,0.5743425657434257,10000,,
8,effort,pooled,sampled,101,404,pain_minus_random,1.5,False,0.3787128712871287,0.31683168316831684,0.4405940594059406,percentile_bootstrap,False,False,9.999000099990002e-05,10000,,
8,effort,pooled,sampled,101,404,pain_minus_sadness,1.5,False,0.4282178217821782,0.3787128712871287,0.4777227722772277,percentile_bootstrap,False,False,9.999000099990002e-05,10000,,
8,effort,pooled,sampled,101,404,pain_minus_fear,1.5,False,0.18811881188118812,0.13861386138613863,0.23514851485148514,percentile_bootstrap,False,False,9.999000099990002e-05,10000,,
9,false_claim_agreement,first,sampled,30,60,pain_minus_random,0.5,True,-0.03333333333333333,-0.1,0.0,percentile_bootstrap,False,False,0.6217378262173783,10000,1.0,False
9,false_claim_agreement,first,sampled,30,60,pain_minus_sadness,0.5,False,0.0,-0.4959085570353965,0.4959085570353965,hoeffding,True,True,1.0,10000,,
9,false_claim_agreement,first,sampled,30,60,pain_minus_fear,0.5,False,-0.05,-0.13333333333333333,0.0,percentile_bootstrap,False,False,0.24797520247975202,10000,,
9,false_claim_agreement,first,sampled,30,60,pain_minus_random,1.0,True,-0.05,-0.13333333333333333,0.0,percentile_bootstrap,False,False,0.2588741125887411,10000,1.0,False
9,false_claim_agreement,first,sampled,30,60,pain_minus_sadness,1.0,True,-0.16666666666666666,-0.3,-0.03333333333333333,percentile_bootstrap,False,False,0.020597940205979402,10000,0.9224077592240776,False
9,false_claim_agreement,first,sampled,30,60,pain_minus_fear,1.0,True,-0.06666666666666667,-0.16666666666666666,0.016666666666666666,percentile_bootstrap,False,False,0.19038096190380963,10000,1.0,False
9,false_claim_agreement,first,sampled,30,60,pain_minus_random,1.5,True,-0.38333333333333336,-0.55,-0.21666666666666667,percentile_bootstrap,False,False,9.999000099990002e-05,10000,0.009999000099990002,False
9,false_claim_agreement,first,sampled,30,60,pain_minus_sadness,1.5,False,-0.8,-0.9166666666666666,-0.6666666666666666,percentile_bootstrap,False,False,9.999000099990002e-05,10000,,
9,false_claim_agreement,first,sampled,30,60,pain_minus_fear,1.5,False,-0.75,-0.8833333333333333,-0.6,percentile_bootstrap,False,False,9.999000099990002e-05,10000,,
9,false_claim_agreement,second,sampled,30,60,pain_minus_random,0.5,True,-0.016666666666666666,-0.05,0.0,percentile_bootstrap,False,False,0.6217378262173783,10000,1.0,False
9,false_claim_agreement,second,sampled,30,60,pain_minus_sadness,0.5,False,0.0,-0.4959085570353965,0.4959085570353965,hoeffding,True,True,1.0,10000,,
9,false_claim_agreement,second,sampled,30,60,pain_minus_fear,0.5,False,-0.016666666666666666,-0.05,0.0,percentile_bootstrap,False,False,0.6217378262173783,10000,,
9,false_claim_agreement,second,sampled,30,60,pain_minus_random,1.0,True,-0.1,-0.23333333333333334,0.0,percentile_bootstrap,False,False,0.1171882811718828,10000,1.0,False
9,false_claim_agreement,second,sampled,30,60,pain_minus_sadness,1.0,True,-0.03333333333333333,-0.08333333333333333,0.0,percentile_bootstrap,False,False,0.26377362263773624,10000,1.0,False
9,false_claim_agreement,second,sampled,30,60,pain_minus_fear,1.0,True,-0.16666666666666666,-0.2833333333333333,-0.06666666666666667,percentile_bootstrap,False,False,0.004299570042995701,10000,0.22787721227877214,False
9,false_claim_agreement,second,sampled,30,60,pain_minus_random,1.5,True,0.21666666666666667,0.06666666666666667,0.36666666666666664,percentile_bootstrap,False,False,0.007699230076992301,10000,0.3772622737726227,False
9,false_claim_agreement,second,sampled,30,60,pain_minus_sadness,1.5,False,0.2833333333333333,0.16666666666666666,0.4166666666666667,percentile_bootstrap,False,False,9.999000099990002e-05,10000,,
9,false_claim_agreement,second,sampled,30,60,pain_minus_fear,1.5,False,0.25,0.11666666666666667,0.38333333333333336,percentile_bootstrap,False,False,0.0006999300069993001,10000,,
9,false_claim_agreement,pooled,sampled,30,120,pain_minus_random,0.5,False,-0.025,-0.075,0.0,percentile_bootstrap,False,False,0.6217378262173783,10000,,
9,false_claim_agreement,pooled,sampled,30,120,pain_minus_sadness,0.5,False,0.0,-0.4959085570353965,0.4959085570353965,hoeffding,True,True,1.0,10000,,
9,false_claim_agreement,pooled,sampled,30,120,pain_minus_fear,0.5,False,-0.03333333333333333,-0.09166666666666666,0.0,percentile_bootstrap,False,False,0.24267573242675733,10000,,
9,false_claim_agreement,pooled,sampled,30,120,pain_minus_random,1.0,False,-0.075,-0.16666666666666666,-0.008333333333333333,percentile_bootstrap,False,False,0.06819318068193181,10000,,
9,false_claim_agreement,pooled,sampled,30,120,pain_minus_sadness,1.0,False,-0.1,-0.175,-0.025,percentile_bootstrap,False,False,0.012798720127987202,10000,,
9,false_claim_agreement,pooled,sampled,30,120,pain_minus_fear,1.0,False,-0.11666666666666667,-0.19166666666666668,-0.05,percentile_bootstrap,False,False,0.0031996800319968005,10000,,
9,false_claim_agreement,pooled,sampled,30,120,pain_minus_random,1.5,False,-0.08333333333333333,-0.18333333333333332,0.016666666666666666,percentile_bootstrap,False,False,0.13588641135886412,10000,,
9,false_claim_agreement,pooled,sampled,30,120,pain_minus_sadness,1.5,False,-0.25833333333333336,-0.3333333333333333,-0.18333333333333332,percentile_bootstrap,False,False,9.999000099990002e-05,10000,,
9,false_claim_agreement,pooled,sampled,30,120,pain_minus_fear,1.5,False,-0.25,-0.3333333333333333,-0.16666666666666666,percentile_bootstrap,False,False,9.999000099990002e-05,10000,,
10,help_at_self_cost,first,sampled,101,202,pain_minus_random,0.5,True,0.16831683168316833,0.09405940594059406,0.24752475247524752,percentile_bootstrap,False,False,9.999000099990002e-05,10000,0.009999000099990002,True
10,help_at_self_cost,first,sampled,101,202,pain_minus_sadness,0.5,False,-0.15346534653465346,-0.21782178217821782,-0.09900990099009901,percentile_bootstrap,False,False,0.00019998000199980003,10000,,
10,help_at_self_cost,first,sampled,101,202,pain_minus_fear,0.5,False,0.25742574257425743,0.1782178217821782,0.33663366336633666,percentile_bootstrap,False,False,9.999000099990002e-05,10000,,
10,help_at_self_cost,first,sampled,101,202,pain_minus_random,1.0,True,0.10396039603960396,0.054455445544554455,0.15841584158415842,percentile_bootstrap,False,False,0.00019998000199980003,10000,0.012598740125987402,True
10,help_at_self_cost,first,sampled,101,202,pain_minus_sadness,1.0,True,-0.0297029702970297,-0.054455445544554455,-0.009900990099009901,percentile_bootstrap,False,False,0.0197980201979802,10000,0.9107089291070892,False
10,help_at_self_cost,first,sampled,101,202,pain_minus_fear,1.0,True,0.29207920792079206,0.22277227722772278,0.3613861386138614,percentile_bootstrap,False,False,9.999000099990002e-05,10000,0.009999000099990002,True
10,help_at_self_cost,first,sampled,101,202,pain_minus_random,1.5,True,-0.3910891089108911,-0.4801980198019802,-0.30198019801980197,percentile_bootstrap,False,False,9.999000099990002e-05,10000,0.009999000099990002,False
10,help_at_self_cost,first,sampled,101,202,pain_minus_sadness,1.5,False,-0.45544554455445546,-0.5396039603960396,-0.3712871287128713,percentile_bootstrap,False,False,9.999000099990002e-05,10000,,
10,help_at_self_cost,first,sampled,101,202,pain_minus_fear,1.5,False,-0.4405940594059406,-0.5247524752475248,-0.3564356435643564,percentile_bootstrap,False,False,9.999000099990002e-05,10000,,
10,help_at_self_cost,second,sampled,101,202,pain_minus_random,0.5,True,-0.034653465346534656,-0.11386138613861387,0.039727722772275424,percentile_bootstrap,False,False,0.40955904409559046,10000,1.0,False
10,help_at_self_cost,second,sampled,101,202,pain_minus_sadness,0.5,False,-0.21287128712871287,-0.27722772277227725,-0.1485148514851485,percentile_bootstrap,False,False,9.999000099990002e-05,10000,,
10,help_at_self_cost,second,sampled,101,202,pain_minus_fear,0.5,False,-0.06930693069306931,-0.13366336633663367,-0.0049504950495049506,percentile_bootstrap,False,False,0.0438956104389561,10000,,
10,help_at_self_cost,second,sampled,101,202,pain_minus_random,1.0,True,0.019801980198019802,-0.034653465346534656,0.07425742574257425,percentile_bootstrap,False,False,0.5189481051894811,10000,1.0,False
10,help_at_self_cost,second,sampled,101,202,pain_minus_sadness,1.0,True,-0.07425742574257425,-0.10891089108910891,-0.039603960396039604,percentile_bootstrap,False,False,9.999000099990002e-05,10000,0.009999000099990002,False
10,help_at_self_cost,second,sampled,101,202,pain_minus_fear,1.0,True,0.0891089108910891,0.04455445544554455,0.13861386138613863,percentile_bootstrap,False,False,0.0006999300069993001,10000,0.041995800419958006,True
10,help_at_self_cost,second,sampled,101,202,pain_minus_random,1.5,True,0.16336633663366337,0.09900990099009901,0.23267326732673269,percentile_bootstrap,False,False,9.999000099990002e-05,10000,0.009999000099990002,True
10,help_at_self_cost,second,sampled,101,202,pain_minus_sadness,1.5,False,0.009900990099009901,-0.019801980198019802,0.039603960396039604,percentile_bootstrap,False,False,0.6217378262173783,10000,,
10,help_at_self_cost,second,sampled,101,202,pain_minus_fear,1.5,False,0.31683168316831684,0.2376237623762376,0.39603960396039606,percentile_bootstrap,False,False,9.999000099990002e-05,10000,,
10,help_at_self_cost,pooled,sampled,101,404,pain_minus_random,0.5,False,0.06683168316831684,0.012376237623762377,0.12376237623762376,percentile_bootstrap,False,False,0.020397960203979604,10000,,
10,help_at_self_cost,pooled,sampled,101,404,pain_minus_sadness,0.5,False,-0.18316831683168316,-0.23267326732673269,-0.13613861386138615,percentile_bootstrap,False,False,9.999000099990002e-05,10000,,
10,help_at_self_cost,pooled,sampled,101,404,pain_minus_fear,0.5,False,0.09405940594059406,0.039603960396039604,0.1485148514851485,percentile_bootstrap,False,False,0.0004999500049995,10000,,
10,help_at_self_cost,pooled,sampled,101,404,pain_minus_random,1.0,False,0.06188118811881188,0.027227722772277228,0.09900990099009901,percentile_bootstrap,False,False,0.0010998900109989002,10000,,
10,help_at_self_cost,pooled,sampled,101,404,pain_minus_sadness,1.0,False,-0.05198019801980198,-0.07178217821782178,-0.03217821782178218,percentile_bootstrap,False,False,9.999000099990002e-05,10000,,
10,help_at_self_cost,pooled,sampled,101,404,pain_minus_fear,1.0,False,0.1905940594059406,0.14603960396039603,0.2376237623762376,percentile_bootstrap,False,False,9.999000099990002e-05,10000,,
10,help_at_self_cost,pooled,sampled,101,404,pain_minus_random,1.5,False,-0.11386138613861387,-0.1707920792079208,-0.05693069306930693,percentile_bootstrap,False,False,0.00019998000199980003,10000,,
10,help_at_self_cost,pooled,sampled,101,404,pain_minus_sadness,1.5,False,-0.22277227722772278,-0.26485148514851486,-0.1806930693069307,percentile_bootstrap,False,False,9.999000099990002e-05,10000,,
10,help_at_self_cost,pooled,sampled,101,404,pain_minus_fear,1.5,False,-0.06188118811881188,-0.12623762376237624,0.0024752475247524753,percentile_bootstrap,False,False,0.062993700629937,10000,,
