position,direction_a,direction_b,rms_pp,descriptive_lo_pp,descriptive_hi_pp,inference,bootstrap_degenerate
first,pain,sadness,7.1019508479729945,4.915297834367187,11.505522870193252,descriptive distance only; interval excludes zero does not establish shape difference,False
first,pain,fear,41.998817323301104,39.24682992374405,44.98047807376661,descriptive distance only; interval excludes zero does not establish shape difference,False
first,pain,random,35.391510713972814,31.399308577383085,39.62987619085591,descriptive distance only; interval excludes zero does not establish shape difference,False
first,pain,none,50.39215035994297,48.110999923664394,52.9105756257757,descriptive distance only; interval excludes zero does not establish shape difference,False
first,sadness,fear,39.7017458094424,36.66714223194823,43.05555908643114,descriptive distance only; interval excludes zero does not establish shape difference,False
first,sadness,random,32.89422688590354,28.79407775260971,37.45273625800145,descriptive distance only; interval excludes zero does not establish shape difference,False
first,sadness,none,48.56766908668143,45.90074089983885,51.498696826282156,descriptive distance only; interval excludes zero does not establish shape difference,False
first,fear,random,9.417148209570835,7.246381946053747,13.322769860774914,descriptive distance only; interval excludes zero does not establish shape difference,False
first,fear,none,14.602933798776254,11.801950828538878,18.319444671787192,descriptive distance only; interval excludes zero does not establish shape difference,False
first,random,none,18.7813359787482,15.661751818597697,22.723445403195488,descriptive distance only; interval excludes zero does not establish shape difference,False
second,pain,sadness,16.22282635757816,13.811470145399735,19.230140703181643,descriptive distance only; interval excludes zero does not establish shape difference,False
second,pain,fear,32.33252720853497,29.1493359489113,35.842007815330234,descriptive distance only; interval excludes zero does not establish shape difference,False
second,pain,random,25.391529420640108,21.83175248478948,29.592303378034273,descriptive distance only; interval excludes zero does not establish shape difference,False
second,pain,none,35.3121435200852,32.09778183655582,38.759993286053216,descriptive distance only; interval excludes zero does not establish shape difference,False
second,sadness,fear,18.636599848962142,15.919631444117847,22.043890289187413,descriptive distance only; interval excludes zero does not establish shape difference,False
second,sadness,random,10.713210172303862,8.173123429689538,14.557897204071454,descriptive distance only; interval excludes zero does not establish shape difference,False
second,sadness,none,22.659602985286494,19.552159562997886,26.268736212944063,descriptive distance only; interval excludes zero does not establish shape difference,False
second,fear,random,8.946222221354553,6.468186499387028,12.884241299477427,descriptive distance only; interval excludes zero does not establish shape difference,False
second,fear,none,9.02023943758026,6.727574214443976,12.433120720860769,descriptive distance only; interval excludes zero does not establish shape difference,False
second,random,none,14.42937662017099,11.423147141365318,18.453072539000196,descriptive distance only; interval excludes zero does not establish shape difference,False
pooled,pain,sadness,10.363508657345397,8.942560543833872,12.417279639332707,descriptive distance only; interval excludes zero does not establish shape difference,False
pooled,pain,fear,36.43090499598849,34.168176748772574,38.88714582045339,descriptive distance only; interval excludes zero does not establish shape difference,False
pooled,pain,random,30.02931904064524,26.761642426831248,33.5674318850357,descriptive distance only; interval excludes zero does not establish shape difference,False
pooled,pain,none,42.53348547321145,40.29417490368915,44.9471665915396,descriptive distance only; interval excludes zero does not establish shape difference,False
pooled,sadness,fear,28.093764602777842,26.075377396952366,30.37229448941302,descriptive distance only; interval excludes zero does not establish shape difference,False
pooled,sadness,random,21.225284631774926,18.25677963961981,24.557331828582445,descriptive distance only; interval excludes zero does not establish shape difference,False
pooled,sadness,none,34.871612908280895,32.648148014040245,37.33297636966812,descriptive distance only; interval excludes zero does not establish shape difference,False
pooled,fear,random,8.204585950825209,6.297501889157354,11.24234593380303,descriptive distance only; interval excludes zero does not establish shape difference,False
pooled,fear,none,11.362658381161308,9.303126557004221,14.05377130041356,descriptive distance only; interval excludes zero does not establish shape difference,False
pooled,random,none,16.29470494425074,13.669067522139661,19.662075435547166,descriptive distance only; interval excludes zero does not establish shape difference,False
