,S1_pain,S2_pain,Fear,NegEmotion,NegWorld,BodySens,Arousal,Random,Numb,Sadness
S1_pain,1.0,0.7698771357536316,-0.03153156489133835,0.1398748904466629,-0.16407516598701477,-0.1608605533838272,0.31526216864585876,0.20462951064109802,,
S2_pain,0.7698771357536316,0.9999999403953552,0.01950068585574627,0.007712343242019415,-0.10596714168787003,-0.09928808361291885,0.33049681782722473,0.2210628092288971,,
Fear,-0.03153156489133835,0.01950068585574627,1.0000001192092896,-0.20218859612941742,-0.1410292237997055,-0.39753779768943787,-0.10220541805028915,-0.11167825013399124,,
NegEmotion,0.1398748904466629,0.007712343242019415,-0.20218859612941742,1.0,-0.6270217299461365,-0.26567959785461426,0.1498144567012787,0.14692223072052002,,
NegWorld,-0.16407516598701477,-0.10596714168787003,-0.1410292237997055,-0.6270217299461365,1.0,0.15664182603359222,-0.14523014426231384,-0.08129700273275375,,
BodySens,-0.1608605533838272,-0.09928808361291885,-0.39753779768943787,-0.26567959785461426,0.15664182603359222,1.0,-0.09888117760419846,-0.09184065461158752,,
Arousal,0.31526216864585876,0.33049681782722473,-0.10220541805028915,0.1498144567012787,-0.14523014426231384,-0.09888117760419846,1.0,0.16480787098407745,,
Random,0.20462951064109802,0.2210628092288971,-0.11167825013399124,0.14692223072052002,-0.08129700273275375,-0.09184065461158752,0.16480787098407745,0.9999998807907104,,
Numb,,,,,,,,,,
Sadness,,,,,,,,,,
